match_id,mode,correct,confident
3930166,backward,False,False
3930166,bracket,True,True
3930166,backward,True,False
3930166,bracket,True,True
3930166,backward,False,False
3930166,bracket,False,False
3930166,backward,False,False
3930166,bracket,True,False
3930166,backward,False,False
3930166,bracket,True,False
3930166,backward,False,False
3930166,bracket,True,True
3930166,backward,False,False
3930166,bracket,False,False
3930166,backward,True,False
3930166,bracket,True,True
3930166,backward,False,False
3930166,bracket,False,False
3930166,backward,False,False
3930166,bracket,False,False
3930166,bracket,True,True
3930166,backward,True,True
3930166,bracket,True,False
3930166,backward,True,True
3930166,bracket,True,True
3930166,bracket,True,True
3930166,backward,True,False
3930166,bracket,True,True
3930166,backward,False,True
3930166,bracket,False,True
3930166,backward,False,False
3930166,bracket,True,False
3930166,backward,False,False
3930166,bracket,False,False
3930166,bracket,True,True
3930166,backward,True,True
3930166,bracket,True,True
3930166,bracket,False,False
3930166,backward,False,False
3930166,bracket,True,False
3930166,backward,False,False
3930166,bracket,False,False
3930166,backward,False,False
3930166,bracket,True,True
3930166,backward,False,False
3930166,bracket,True,False
3930166,backward,False,False
3930166,bracket,True,True
3930166,backward,False,False
3930166,bracket,False,False
3930166,bracket,True,True
3930166,backward,False,False
3930166,bracket,True,False
3930166,backward,False,False
3930166,bracket,True,False
3930166,backward,False,False
3930166,bracket,True,False
3930166,backward,False,False
3930166,bracket,False,False
3930166,backward,False,False
3930166,bracket,True,True
3930166,backward,False,False
3930166,bracket,False,False
3930166,backward,False,False
3930166,bracket,True,False
3930166,backward,False,False
3930166,bracket,True,True
3930166,bracket,True,True
3930166,backward,False,False
3930166,bracket,False,False
3930159,backward,False,False
3930159,bracket,False,False
3930159,backward,False,False
3930159,bracket,True,False
3930159,backward,False,False
3930159,bracket,False,False
3930159,backward,False,False
3930159,bracket,True,False
3930159,bracket,True,False
3930159,backward,False,False
3930159,bracket,False,False
3930159,backward,True,True
3930159,bracket,True,True
3930159,backward,False,False
3930159,bracket,True,True
3930159,backward,False,False
3930159,bracket,False,False
3930159,backward,True,True
3930159,bracket,True,True
3930159,bracket,True,True
3930159,backward,False,False
3930159,bracket,False,False
3930159,backward,False,False
3930159,bracket,True,True
3930159,backward,False,False
3930159,bracket,True,True
3930159,backward,False,False
3930159,bracket,True,False
3930159,backward,False,True
3930159,bracket,False,False
3930159,backward,False,False
3930159,bracket,True,True
3930159,backward,False,False
3930159,bracket,False,False
3930159,backward,True,True
3930159,bracket,True,True
3930159,bracket,True,True
3930159,backward,False,False
3930159,bracket,False,False
3930159,backward,True,False
3930159,bracket,True,True
3930159,backward,False,False
3930159,bracket,True,False
3930159,backward,False,False
3930159,bracket,True,False
3930159,backward,False,False
3930159,bracket,False,False
3930159,backward,False,False
3930159,bracket,True,False
3930159,backward,False,False
3930159,bracket,False,False
3930159,backward,False,False
3930159,bracket,False,False
3930159,backward,True,True
3930159,bracket,True,True
3930159,backward,False,False
3930159,bracket,False,False
3930159,backward,False,False
3930159,bracket,True,False
3930159,backward,False,False
3930159,bracket,True,True
3930159,backward,False,False
3930159,bracket,True,True
3930159,backward,False,False
3930159,bracket,True,True
3930159,backward,True,True
3930159,bracket,True,True
3930159,backward,False,False
3930159,bracket,True,True
3930163,backward,True,True
3930163,bracket,True,True
3930163,backward,False,False
3930163,bracket,True,False
3930163,backward,False,False
3930163,bracket,True,False
3930163,backward,False,False
3930163,bracket,True,False
3930163,backward,False,False
3930163,bracket,False,False
3930163,backward,False,False
3930163,bracket,True,True
3930163,backward,False,False
3930163,bracket,True,True
3930163,backward,False,False
3930163,bracket,False,False
3930163,backward,False,False
3930163,bracket,True,True
3930163,backward,False,False
3930163,bracket,True,True
3930163,backward,False,False
3930163,bracket,True,False
3930163,backward,False,False
3930163,bracket,True,True
3930163,backward,False,False
3930163,bracket,False,False
3930163,backward,False,False
3930163,bracket,False,False
3930163,backward,False,False
3930163,bracket,True,True
3930163,backward,False,False
3930163,bracket,True,True
3930163,backward,False,False
3930163,bracket,True,True
3930163,backward,False,False
3930163,bracket,False,False
3930163,backward,True,False
3930163,bracket,True,True
3930163,bracket,True,True
3930163,backward,False,False
3930163,bracket,False,False
3930163,backward,False,False
3930163,bracket,False,False
3930163,backward,False,False
3930163,bracket,True,False
3930163,backward,False,False
3930163,bracket,False,False
3930163,backward,False,False
3930163,bracket,True,True
3930163,backward,False,False
3930163,bracket,True,False
3930163,backward,False,False
3930163,bracket,True,False
3930163,backward,True,True
3930163,bracket,True,True
3930163,backward,False,False
3930163,bracket,True,False
3930163,backward,False,False
3930163,bracket,True,False
3930163,bracket,True,False
3930163,backward,True,True
3930163,bracket,True,True
3930163,backward,True,True
3930163,bracket,True,True
3930163,backward,False,False
3930163,bracket,True,True
3930163,backward,True,True
3930163,bracket,True,True
3930163,backward,False,False
3930163,bracket,True,True
3930163,backward,False,False
3930163,bracket,True,False
3930163,backward,True,True
3930163,bracket,True,True
3930181,backward,True,True
3930181,bracket,True,True
3930181,backward,True,True
3930181,bracket,True,True
3930181,backward,False,False
3930181,bracket,True,True
3930181,backward,False,False
3930181,bracket,True,True
3930181,backward,False,False
3930181,bracket,False,False
3930181,backward,False,False
3930181,bracket,True,True
3930181,backward,False,False
3930181,bracket,False,False
3930181,backward,False,False
3930181,bracket,False,False
3930181,backward,False,False
3930181,bracket,True,True
3930181,backward,False,False
3930181,bracket,True,True
3930181,backward,True,False
3930181,bracket,True,True
3930181,backward,False,False
3930181,bracket,False,False
3930181,bracket,True,False
3930181,backward,False,False
3930181,bracket,True,False
3930181,backward,False,False
3930181,bracket,True,True
3930181,backward,False,False
3930181,bracket,False,False
3930181,backward,False,False
3930181,bracket,False,False
3930181,bracket,True,True
3930181,backward,True,True
3930181,bracket,True,True
3930181,backward,False,False
3930181,bracket,False,False
3930181,backward,False,False
3930181,bracket,False,True
3930181,backward,False,False
3930181,bracket,True,False
3930181,backward,False,False
3930181,bracket,True,True
3930181,backward,False,False
3930181,bracket,True,False
3930181,backward,False,False
3930181,bracket,True,False
3930181,backward,True,False
3930181,bracket,True,True
3930181,backward,False,False
3930181,bracket,False,False
3930181,backward,False,False
3930181,bracket,False,False
3930181,backward,False,False
3930181,bracket,False,False
3930181,backward,True,True
3930181,bracket,True,True
3930181,backward,True,False
3930181,bracket,True,True
3930181,backward,False,False
3930181,bracket,True,False
3930181,backward,False,False
3930181,bracket,True,False
3930181,backward,False,False
3930181,bracket,True,False
3930181,backward,False,False
3930181,bracket,True,True
3930181,backward,False,False
3930181,bracket,True,True
3930181,backward,False,False
3930181,bracket,True,True
3930178,backward,False,False
3930178,bracket,True,True
3930178,backward,False,False
3930178,bracket,False,False
3930178,backward,False,False
3930178,bracket,True,False
3930178,backward,True,True
3930178,backward,False,False
3930178,bracket,False,False
3930178,backward,False,False
3930178,bracket,True,False
3930178,backward,False,False
3930178,bracket,False,False
3930178,backward,False,False
3930178,bracket,True,False
3930178,backward,False,False
3930178,bracket,True,False
3930178,backward,False,False
3930178,bracket,True,True
3930178,backward,True,True
3930178,bracket,True,True
3930178,backward,False,False
3930178,bracket,True,True
3930178,backward,True,True
3930178,bracket,True,True
3930178,backward,False,False
3930178,bracket,False,False
3930178,backward,False,False
3930178,bracket,True,False
3930178,backward,False,False
3930178,bracket,True,True
3930178,backward,False,False
3930178,bracket,True,True
3930178,backward,True,True
3930178,bracket,False,False
3930178,backward,False,False
3930178,bracket,False,False
3930178,backward,False,False
3930178,bracket,False,False
3930178,bracket,True,True
3930178,backward,False,False
3930178,bracket,True,True
3930178,backward,False,False
3930178,bracket,True,True
3930178,backward,True,False
3930178,bracket,True,False
3930178,backward,False,False
3930178,bracket,False,True
3930178,backward,False,False
3930178,bracket,True,False
3930178,backward,False,False
3930178,bracket,False,False
3930178,backward,False,False
3930178,bracket,False,False
3930178,backward,False,False
3930178,bracket,True,True
3930178,backward,True,True
3930178,bracket,True,True
3930178,backward,False,False
3930178,bracket,True,False
3930178,backward,False,False
3930178,bracket,True,False
3930178,backward,True,False
3930178,bracket,True,True
3930178,backward,False,False
3930178,bracket,False,False
3930178,backward,False,False
3930178,bracket,False,False
3930178,backward,True,True
3930178,bracket,True,True
3930178,backward,False,False
3930178,bracket,True,False
3930178,backward,False,False
3930178,bracket,False,False
3930178,backward,False,False
3930178,bracket,True,False
3930160,backward,False,False
3930160,bracket,True,False
3930160,backward,False,False
3930160,bracket,True,True
3930160,backward,False,False
3930160,bracket,True,True
3930160,backward,True,True
3930160,bracket,True,True
3930160,backward,False,False
3930160,bracket,True,True
3930160,backward,False,False
3930160,bracket,True,True
3930160,backward,False,False
3930160,bracket,False,False
3930160,backward,False,False
3930160,bracket,False,False
3930160,backward,False,False
3930160,bracket,True,True
3930160,bracket,True,False
3930160,backward,False,False
3930160,bracket,False,False
3930160,backward,True,False
3930160,bracket,True,False
3930160,backward,False,False
3930160,bracket,True,False
3930160,backward,False,False
3930160,bracket,True,True
3930160,backward,False,False
3930160,bracket,False,False
3930160,backward,False,False
3930160,bracket,True,True
3930160,bracket,True,True
3930160,backward,False,False
3930160,bracket,True,True
3930160,backward,False,False
3930160,bracket,True,True
3930160,backward,True,True
3930160,bracket,True,True
3930160,backward,False,False
3930160,bracket,False,True
3930160,backward,False,False
3930160,bracket,True,True
3930160,backward,True,True
3930160,bracket,True,True
3930160,bracket,True,True
3930160,backward,False,False
3930160,bracket,False,False
3930160,bracket,True,False
3930160,backward,True,True
3930160,backward,False,False
3930160,bracket,False,False
3930160,backward,False,False
3930160,bracket,True,False
3930160,backward,False,False
3930160,bracket,True,True
3930160,backward,False,False
3930160,bracket,True,False
3930160,backward,False,False
3930160,bracket,True,False
3930160,backward,False,False
3930160,bracket,True,True
3930160,backward,False,False
3930160,bracket,True,True
3930160,backward,False,False
3930160,bracket,True,False
3930160,backward,False,False
3930160,bracket,False,False
3930160,backward,True,True
3930160,bracket,True,True
3930160,backward,False,False
3930160,bracket,False,False
3930160,backward,False,False
3930160,bracket,False,False
3930170,backward,False,False
3930170,bracket,True,False
3930170,backward,False,False
3930170,bracket,False,False
3930170,bracket,True,True
3930170,bracket,True,False
3930170,backward,False,False
3930170,bracket,True,True
3930170,backward,False,False
3930170,bracket,True,False
3930170,backward,False,False
3930170,bracket,False,False
3930170,backward,False,False
3930170,bracket,True,False
3930170,backward,False,False
3930170,bracket,False,False
3930170,bracket,False,False
3930170,backward,False,False
3930170,bracket,True,True
3930170,backward,True,True
3930170,bracket,True,True
3930170,backward,False,False
3930170,bracket,True,False
3930170,backward,False,False
3930170,bracket,True,False
3930170,backward,False,False
3930170,bracket,True,True
3930170,backward,False,False
3930170,bracket,True,False
3930170,backward,False,False
3930170,bracket,False,False
3930170,backward,False,False
3930170,bracket,True,False
3930170,backward,True,True
3930170,bracket,True,True
3930170,backward,False,False
3930170,bracket,False,False
3930170,backward,False,False
3930170,bracket,False,False
3930170,backward,False,False
3930170,bracket,True,True
3930170,backward,False,False
3930170,bracket,True,True
3930170,backward,True,True
3930170,bracket,True,True
3930170,backward,False,False
3930170,bracket,True,True
3930170,backward,False,False
3930170,bracket,True,False
3930170,backward,True,True
3930170,bracket,True,True
3930170,backward,True,False
3930170,bracket,True,False
3930170,backward,False,False
3930170,bracket,False,False
3930170,bracket,False,False
3930170,bracket,True,True
3930170,backward,False,False
3930170,bracket,True,False
3930170,backward,True,True
3930170,bracket,True,True
3930170,backward,False,False
3930170,bracket,False,False
3930170,bracket,False,False
3930170,backward,False,False
3930170,bracket,False,False
3930170,backward,False,False
3930170,bracket,False,False
3930170,backward,False,False
3930170,bracket,True,True
3938643,backward,True,True
3938643,bracket,True,True
3938643,backward,True,True
3938643,bracket,True,False
3938643,backward,False,False
3938643,bracket,False,False
3938643,backward,False,False
3938643,bracket,False,False
3938643,backward,False,False
3938643,bracket,False,False
3938643,backward,False,False
3938643,bracket,False,False
3938643,backward,False,False
3938643,bracket,False,False
3938643,bracket,True,True
3938643,backward,True,False
3938643,bracket,True,True
3938643,backward,False,False
3938643,bracket,True,True
3938643,backward,False,False
3938643,bracket,False,False
3938643,bracket,True,False
3938643,backward,True,True
3938643,bracket,True,True
3938643,bracket,False,False
3938643,backward,False,False
3938643,bracket,True,False
3938643,bracket,False,False
3938643,backward,False,False
3938643,bracket,True,True
3938643,backward,False,False
3938643,bracket,True,True
3938643,backward,True,False
3938643,bracket,True,True
3938643,backward,True,True
3938643,bracket,True,True
3938643,backward,False,False
3938643,bracket,True,True
3938643,backward,False,True
3938643,bracket,False,True
3938643,backward,False,False
3938643,bracket,True,True
3938643,backward,False,False
3938643,bracket,True,False
3938643,backward,False,False
3938643,bracket,True,True
3938643,backward,False,False
3938643,bracket,True,True
3938643,backward,False,False
3938643,bracket,True,False
3938643,backward,True,True
3938643,bracket,True,True
3938643,backward,False,False
3938643,bracket,False,False
3938643,bracket,False,False
3938643,backward,False,False
3938643,bracket,True,False
3938643,backward,False,False
3938643,bracket,True,True
3938643,backward,True,False
3938643,bracket,True,False
3938643,backward,False,False
3938643,bracket,False,False
3938643,backward,False,False
3938643,bracket,True,True
3938643,backward,False,False
3938643,bracket,True,True
3938643,backward,True,True
3938643,bracket,True,True
3938643,backward,False,False
3938643,bracket,True,False
3938643,backward,False,False
3938643,bracket,False,False
3938641,backward,True,False
3938641,bracket,True,True
3938641,backward,False,False
3938641,bracket,True,True
3938641,backward,False,False
3938641,bracket,False,False
3938641,backward,False,False
3938641,bracket,True,True
3938641,backward,True,True
3938641,bracket,True,True
3938641,backward,False,False
3938641,bracket,False,False
3938641,backward,False,False
3938641,bracket,True,False
3938641,backward,False,False
3938641,bracket,False,False
3938641,backward,False,False
3938641,bracket,True,False
3938641,backward,False,False
3938641,bracket,False,False
3938641,backward,False,False
3938641,bracket,True,True
3938641,backward,False,False
3938641,bracket,True,True
3938641,backward,True,True
3938641,bracket,True,True
3938641,backward,False,False
3938641,bracket,True,True
3938641,backward,False,False
3938641,bracket,True,False
3938641,backward,False,False
3938641,bracket,False,False
3938641,backward,False,False
3938641,bracket,False,False
3938641,backward,False,False
3938641,bracket,True,False
3938641,backward,False,False
3938641,bracket,False,False
3938641,backward,False,False
3938641,bracket,True,True
3938641,backward,False,False
3938641,bracket,True,True
3938641,backward,False,False
3938641,bracket,False,False
3938641,backward,False,False
3938641,bracket,False,False
3938641,backward,False,False
3938641,bracket,True,False
3938641,backward,False,False
3938641,bracket,False,False
3938641,backward,False,False
3938641,bracket,False,False
3938641,backward,False,False
3938641,bracket,True,True
3938641,backward,False,False
3938641,bracket,False,False
3938641,backward,False,False
3938641,bracket,True,False
3938641,bracket,True,True
3938641,backward,False,False
3938641,bracket,False,False
3938641,backward,False,False
3938641,bracket,True,True
3938641,backward,False,False
3938641,bracket,False,False
3938641,backward,False,False
3938641,bracket,True,True
3938641,bracket,False,True
3938641,backward,False,False
3938641,bracket,True,True
3938641,backward,False,False
3938641,bracket,False,False
3938641,backward,False,False
3938641,bracket,True,True
3938642,backward,False,False
3938642,bracket,True,False
3938642,backward,False,False
3938642,bracket,True,False
3938642,bracket,True,False
3938642,bracket,True,True
3938642,backward,False,False
3938642,bracket,True,True
3938642,backward,False,False
3938642,bracket,False,False
3938642,backward,False,False
3938642,bracket,True,True
3938642,backward,True,True
3938642,bracket,True,True
3938642,backward,False,False
3938642,bracket,True,True
3938642,bracket,True,False
3938642,backward,False,False
3938642,bracket,True,False
3938642,backward,False,False
3938642,bracket,True,True
3938642,backward,False,False
3938642,bracket,False,True
3938642,backward,True,True
3938642,bracket,True,True
3938642,backward,False,False
3938642,bracket,False,False
3938642,backward,False,False
3938642,bracket,False,False
3938642,backward,False,False
3938642,bracket,True,False
3938642,backward,False,False
3938642,bracket,True,False
3938642,bracket,True,False
3938642,backward,True,True
3938642,bracket,True,True
3938642,backward,False,False
3938642,bracket,True,False
3938642,backward,False,False
3938642,bracket,False,False
3938642,backward,False,False
3938642,bracket,False,False
3938642,backward,False,False
3938642,backward,False,False
3938642,backward,False,False
3938642,bracket,True,True
3938642,backward,False,False
3938642,bracket,False,False
3938642,backward,False,False
3938642,bracket,True,False
3938642,backward,False,False
3938642,bracket,True,True
3938642,backward,True,False
3938642,bracket,True,False
3938642,bracket,True,False
3938642,backward,False,False
3938642,bracket,True,False
3938642,backward,False,False
3938642,bracket,False,False
3938642,backward,False,False
3938642,bracket,True,False
3938642,bracket,True,True
3938642,backward,False,False
3938642,bracket,False,False
3938642,backward,False,False
3938642,bracket,True,True
3938642,backward,False,False
3938642,bracket,True,True
3938642,backward,False,False
3938642,bracket,False,False
3938642,backward,False,False
3938642,bracket,False,False
3938639,backward,False,False
3938639,bracket,True,True
3938639,backward,False,False
3938639,bracket,True,True
3938639,backward,False,True
3938639,bracket,False,True
3938639,backward,False,False
3938639,bracket,False,False
3938639,backward,False,False
3938639,bracket,False,False
3938639,backward,True,True
3938639,bracket,True,True
3938639,backward,False,False
3938639,bracket,False,False
3938639,backward,False,True
3938639,bracket,False,True
3938639,backward,False,False
3938639,bracket,False,False
3938639,backward,False,False
3938639,bracket,True,True
3938639,bracket,True,True
3938639,backward,False,False
3938639,bracket,False,False
3938639,backward,False,False
3938639,bracket,False,False
3938639,backward,False,False
3938639,bracket,False,False
3938639,backward,False,False
3938639,bracket,False,False
3938639,backward,False,False
3938639,bracket,True,True
3938639,backward,True,True
3938639,bracket,True,True
3938639,bracket,True,False
3938639,backward,True,True
3938639,bracket,True,True
3938639,backward,True,True
3938639,bracket,True,True
3938639,backward,False,False
3938639,bracket,False,False
3938639,backward,False,False
3938639,bracket,False,False
3938639,backward,True,True
3938639,bracket,True,True
3938639,backward,False,False
3938639,backward,False,False
3938639,bracket,True,True
3938639,backward,False,False
3938639,bracket,True,True
3938639,backward,False,False
3938639,bracket,True,False
3938639,backward,False,False
3938639,bracket,True,True
3938639,backward,False,False
3938639,bracket,True,False
3938639,backward,True,False
3938639,bracket,True,True
3938639,backward,False,False
3938639,bracket,True,False
3938639,bracket,False,True
3938639,backward,False,False
3938639,bracket,True,False
3938639,backward,False,False
3938639,bracket,True,True
3938639,backward,True,True
3938639,bracket,True,True
3938638,backward,False,False
3938638,bracket,True,True
3938638,backward,False,False
3938638,bracket,True,True
3938638,backward,False,False
3938638,bracket,True,True
3938638,backward,False,False
3938638,bracket,True,True
3938638,backward,True,False
3938638,bracket,True,True
3938638,backward,False,False
3938638,bracket,True,True
3938638,bracket,True,False
3938638,backward,False,False
3938638,bracket,False,False
3938638,backward,True,False
3938638,bracket,True,True
3938638,backward,False,False
3938638,bracket,True,True
3938638,bracket,True,False
3938638,backward,False,True
3938638,bracket,False,True
3938638,bracket,False,False
3938638,backward,True,True
3938638,bracket,True,True
3938638,backward,False,False
3938638,bracket,True,True
3938638,backward,False,False
3938638,bracket,True,True
3938638,backward,False,False
3938638,bracket,True,True
3938638,backward,False,False
3938638,bracket,False,False
3938638,backward,False,False
3938638,bracket,False,False
3938638,bracket,True,True
3938638,backward,True,True
3938638,bracket,True,True
3938638,backward,False,False
3938638,backward,False,False
3938638,bracket,True,True
3938638,backward,True,True
3938638,bracket,True,True
3938638,backward,False,False
3938638,bracket,False,False
3938638,backward,True,True
3938638,bracket,True,True
3938638,backward,True,True
3938638,bracket,True,True
3938638,backward,False,False
3938638,bracket,True,True
3938638,backward,True,True
3938638,bracket,True,True
3938638,backward,False,False
3938638,bracket,False,False
3938638,backward,False,False
3938638,bracket,False,False
3938638,backward,False,False
3938638,bracket,False,False
3938638,backward,False,False
3938638,bracket,True,True
3938638,backward,False,False
3938638,bracket,True,True
3938638,backward,False,False
3938638,bracket,True,False
3938638,bracket,True,True
3938638,backward,False,False
3938638,bracket,False,False
3938638,backward,False,False
3938638,bracket,True,True
3938638,bracket,True,True
3938638,bracket,True,True
3938640,backward,False,False
3938640,bracket,True,False
3938640,backward,False,False
3938640,bracket,False,False
3938640,backward,False,False
3938640,bracket,False,False
3938640,backward,False,False
3938640,bracket,False,False
3938640,bracket,True,True
3938640,backward,False,False
3938640,bracket,True,True
3938640,backward,False,True
3938640,bracket,True,False
3938640,bracket,True,False
3938640,backward,False,False
3938640,bracket,True,True
3938640,backward,False,False
3938640,bracket,True,True
3938640,backward,False,False
3938640,bracket,False,False
3938640,bracket,True,True
3938640,backward,True,True
3938640,bracket,True,True
3938640,backward,False,False
3938640,bracket,False,False
3938640,backward,False,True
3938640,bracket,False,True
3938640,backward,False,False
3938640,bracket,True,True
3938640,bracket,True,True
3938640,backward,False,True
3938640,bracket,True,True
3938640,backward,False,False
3938640,bracket,False,False
3938640,backward,False,False
3938640,bracket,True,True
3938640,bracket,True,False
3938640,backward,True,True
3938640,bracket,True,True
3938640,backward,False,False
3938640,bracket,True,False
3938640,backward,False,False
3938640,bracket,True,True
3938640,backward,False,False
3938640,bracket,True,False
3938640,backward,False,False
3938640,bracket,True,False
3938640,backward,False,False
3938640,bracket,True,False
3938640,backward,False,False
3938640,bracket,True,False
3938640,backward,False,False
3938640,bracket,True,True
3938640,backward,True,False
3938640,bracket,True,True
3938640,backward,False,True
3938640,bracket,False,False
3938640,backward,True,False
3938640,bracket,True,True
3938640,backward,False,False
3938640,bracket,False,False
3938640,backward,False,False
3938640,bracket,False,False
3938640,backward,False,False
3938640,bracket,True,True
3938640,bracket,True,True
3938640,backward,False,False
3938640,bracket,True,False
3938640,backward,False,False
3938640,bracket,True,False
3938640,backward,True,False
3938640,bracket,True,True
3938637,backward,False,False
3938637,bracket,False,True
3938637,backward,False,False
3938637,bracket,True,True
3938637,backward,False,False
3938637,bracket,True,False
3938637,backward,False,True
3938637,bracket,True,True
3938637,bracket,True,False
3938637,backward,False,False
3938637,bracket,False,False
3938637,backward,False,False
3938637,bracket,True,True
3938637,backward,False,False
3938637,bracket,False,False
3938637,backward,False,False
3938637,bracket,False,False
3938637,backward,True,True
3938637,bracket,True,True
3938637,backward,False,False
3938637,bracket,False,True
3938637,backward,False,False
3938637,bracket,False,False
3938637,backward,False,False
3938637,bracket,True,True
3938637,backward,True,True
3938637,bracket,True,True
3938637,backward,False,False
3938637,bracket,True,True
3938637,backward,False,False
3938637,bracket,False,False
3938637,backward,False,False
3938637,bracket,False,False
3938637,backward,False,False
3938637,bracket,True,True
3938637,backward,False,False
3938637,bracket,False,False
3938637,backward,False,False
3938637,bracket,True,False
3938637,bracket,True,False
3938637,backward,False,False
3938637,bracket,True,False
3938637,bracket,True,True
3938637,backward,False,False
3938637,bracket,False,False
3938637,backward,True,False
3938637,bracket,True,True
3938637,backward,False,False
3938637,bracket,True,True
3938637,bracket,True,True
3938637,backward,False,True
3938637,bracket,False,True
3938637,backward,False,False
3938637,backward,False,False
3938637,bracket,False,False
3938637,backward,False,False
3938637,bracket,True,True
3938637,backward,False,False
3938637,bracket,True,False
3938637,backward,False,False
3938637,bracket,False,False
3938637,bracket,True,True
3938637,backward,True,True
3938637,bracket,True,True
3938637,bracket,False,False
3938637,backward,True,True
3938637,bracket,True,True
3938637,backward,False,False
3938637,bracket,True,True
3938637,backward,False,False
3938637,bracket,True,False
3938644,backward,False,False
3938644,bracket,False,False
3938644,backward,False,False
3938644,bracket,True,True
3938644,backward,False,False
3938644,bracket,False,False
3938644,backward,False,False
3938644,bracket,False,False
3938644,backward,False,False
3938644,bracket,False,False
3938644,bracket,True,True
3938644,backward,False,False
3938644,bracket,False,False
3938644,backward,True,True
3938644,bracket,True,True
3938644,backward,False,False
3938644,bracket,False,False
3938644,bracket,True,True
3938644,backward,False,False
3938644,bracket,True,True
3938644,backward,False,False
3938644,bracket,True,True
3938644,backward,False,False
3938644,bracket,True,True
3938644,backward,False,False
3938644,bracket,True,True
3938644,backward,True,True
3938644,bracket,True,True
3938644,backward,False,False
3938644,bracket,False,False
3938644,backward,False,False
3938644,bracket,True,True
3938644,backward,False,False
3938644,bracket,False,False
3938644,backward,False,True
3938644,bracket,False,True
3938644,backward,False,True
3938644,bracket,True,False
3938644,backward,False,False
3938644,bracket,False,False
3938644,backward,False,False
3938644,bracket,False,False
3938644,backward,False,True
3938644,bracket,True,True
3938644,backward,False,False
3938644,bracket,True,True
3938644,backward,False,False
3938644,bracket,True,False
3938644,backward,False,False
3938644,bracket,False,False
3938644,backward,False,False
3938644,bracket,True,False
3938644,backward,False,False
3938644,bracket,False,False
3938644,backward,True,False
3938644,bracket,True,True
3938644,backward,False,False
3938644,bracket,False,False
3938644,backward,False,False
3938644,bracket,False,False
3938644,backward,False,False
3938644,bracket,True,False
3938644,backward,False,False
3938644,bracket,True,True
3938644,backward,False,True
3938644,bracket,True,True
3938644,backward,False,False
3938644,bracket,False,False
3938644,backward,True,False
3938644,bracket,True,False
3938644,bracket,True,True
3938644,backward,False,False
3938644,bracket,True,True
3938644,backward,False,False
3938644,bracket,True,True
3938644,backward,False,False
3938644,bracket,True,True
3941019,backward,False,False
3941019,bracket,True,True
3941019,backward,True,True
3941019,bracket,True,True
3941019,backward,False,False
3941019,bracket,False,False
3941019,bracket,True,False
3941019,backward,False,False
3941019,bracket,False,False
3941019,backward,True,False
3941019,bracket,True,False
3941019,backward,True,False
3941019,bracket,True,True
3941019,backward,False,False
3941019,bracket,True,False
3941019,bracket,True,True
3941019,backward,True,True
3941019,bracket,True,True
3941019,backward,False,False
3941019,bracket,True,True
3941019,backward,False,False
3941019,bracket,False,False
3941019,bracket,True,True
3941019,bracket,True,True
3941019,bracket,True,True
3941019,backward,False,False
3941019,bracket,True,True
3941019,backward,True,True
3941019,bracket,True,True
3941019,bracket,True,True
3941019,backward,False,False
3941019,bracket,True,True
3941019,backward,False,False
3941019,bracket,False,False
3941019,backward,False,False
3941019,bracket,True,True
3941019,backward,False,False
3941019,bracket,True,True
3941019,backward,False,False
3941019,bracket,True,True
3941019,backward,False,False
3941019,bracket,True,True
3941019,backward,False,False
3941019,bracket,True,True
3941019,backward,False,False
3941019,bracket,True,True
3941019,backward,True,True
3941019,bracket,True,True
3941019,backward,False,True
3941019,bracket,True,False
3941019,backward,True,False
3941019,bracket,True,True
3941019,backward,False,False
3941019,bracket,True,False
3941019,backward,False,False
3941019,bracket,True,False
3941019,backward,False,True
3941019,bracket,False,True
3941019,backward,True,True
3941019,bracket,False,True
3941019,bracket,True,True
3941019,backward,False,False
3941019,bracket,False,False
3941019,backward,False,False
3941019,bracket,False,False
3941019,backward,False,True
3941019,bracket,False,True
3941019,backward,False,False
3941019,bracket,True,True
3941019,backward,False,False
3941019,bracket,True,True
3941019,backward,False,True
3941019,bracket,True,True
3942227,bracket,True,True
3942227,backward,False,False
3942227,bracket,True,True
3942227,backward,False,False
3942227,bracket,True,True
3942227,backward,False,False
3942227,bracket,True,True
3942227,backward,False,True
3942227,bracket,False,False
3942227,backward,False,False
3942227,bracket,True,True
3942227,backward,False,False
3942227,bracket,False,False
3942227,backward,False,False
3942227,bracket,True,False
3942227,backward,False,False
3942227,bracket,False,False
3942227,backward,False,False
3942227,bracket,True,True
3942227,backward,False,False
3942227,bracket,True,True
3942227,backward,False,False
3942227,bracket,True,True
3942227,bracket,False,False
3942227,backward,False,False
3942227,bracket,True,True
3942227,backward,False,False
3942227,bracket,True,True
3942227,bracket,True,True
3942227,backward,False,False
3942227,bracket,False,False
3942227,backward,True,True
3942227,bracket,True,True
3942227,backward,False,False
3942227,bracket,True,True
3942227,backward,False,False
3942227,bracket,True,False
3942227,backward,False,False
3942227,bracket,True,True
3942227,bracket,True,True
3942227,backward,False,False
3942227,bracket,True,True
3942227,backward,False,True
3942227,bracket,False,True
3942227,bracket,True,False
3942227,backward,False,False
3942227,bracket,False,False
3942227,backward,False,False
3942227,bracket,False,False
3942227,backward,False,False
3942227,bracket,False,False
3942227,backward,False,False
3942227,bracket,True,True
3942227,backward,False,False
3942227,bracket,False,False
3942227,backward,False,False
3942227,bracket,True,True
3942227,bracket,True,False
3942227,backward,False,False
3942227,bracket,True,False
3942227,backward,False,False
3942227,bracket,True,False
3942227,backward,True,False
3942227,bracket,True,False
3942227,backward,False,False
3942227,bracket,True,True
3942227,backward,False,False
3942227,bracket,True,False
3942227,backward,False,False
3942227,bracket,True,True
3930174,bracket,True,True
3930174,backward,False,False
3930174,bracket,True,True
3930174,backward,False,False
3930174,bracket,False,False
3930174,backward,False,False
3930174,bracket,True,True
3930174,backward,False,False
3930174,bracket,True,True
3930174,backward,True,False
3930174,bracket,True,False
3930174,bracket,True,True
3930174,bracket,False,False
3930174,bracket,False,False
3930174,backward,True,True
3930174,bracket,True,True
3930174,backward,True,True
3930174,bracket,True,True
3930174,backward,False,False
3930174,bracket,True,False
3930174,backward,False,False
3930174,bracket,True,True
3930174,backward,False,False
3930174,bracket,False,False
3930174,backward,False,False
3930174,bracket,False,False
3930174,backward,False,False
3930174,bracket,True,False
3930174,backward,False,False
3930174,bracket,True,True
3930174,backward,False,False
3930174,bracket,True,True
3930174,backward,False,False
3930174,bracket,True,False
3930174,backward,False,False
3930174,bracket,True,True
3930174,backward,False,False
3930174,bracket,True,False
3930174,backward,False,False
3930174,bracket,True,False
3930174,backward,False,False
3930174,bracket,True,False
3930174,backward,False,False
3930174,bracket,True,True
3930174,bracket,True,True
3930174,bracket,True,True
3930174,bracket,True,False
3930174,bracket,True,True
3930174,backward,False,False
3930174,bracket,True,True
3930174,backward,False,False
3930174,bracket,False,False
3930174,backward,True,False
3930174,bracket,True,True
3930174,backward,False,False
3930174,bracket,True,True
3930174,backward,True,False
3930174,bracket,True,True
3930174,backward,True,True
3930174,bracket,True,True
3930174,backward,False,False
3930174,bracket,False,False
3930174,backward,False,False
3930174,bracket,True,False
3930174,backward,False,False
3930174,bracket,False,False
3930174,backward,False,False
3930174,bracket,True,False
3930162,backward,False,False
3930162,bracket,False,False
3930162,bracket,False,False
3930162,backward,False,False
3930162,bracket,True,True
3930162,backward,True,True
3930162,bracket,True,True
3930162,backward,False,False
3930162,bracket,False,False
3930162,backward,True,True
3930162,bracket,True,True
3930162,backward,False,False
3930162,bracket,True,True
3930162,backward,False,False
3930162,bracket,True,True
3930162,backward,False,False
3930162,bracket,True,False
3930162,backward,False,False
3930162,bracket,True,True
3930162,backward,False,True
3930162,bracket,True,False
3930162,backward,False,False
3930162,bracket,True,True
3930162,backward,False,False
3930162,bracket,True,True
3930162,backward,True,True
3930162,bracket,True,True
3930162,backward,False,True
3930162,bracket,True,True
3930162,backward,False,False
3930162,bracket,True,True
3930162,backward,False,False
3930162,bracket,True,True
3930162,backward,False,False
3930162,bracket,True,False
3930162,backward,False,False
3930162,bracket,True,False
3930162,backward,False,False
3930162,bracket,False,False
3930162,backward,False,False
3930162,bracket,False,False
3930162,backward,False,False
3930162,bracket,True,True
3930162,backward,False,False
3930162,bracket,True,True
3930162,backward,False,False
3930162,bracket,True,True
3930162,backward,False,False
3930162,bracket,True,False
3930162,backward,False,True
3930162,bracket,False,True
3930162,backward,False,False
3930162,bracket,False,False
3930162,backward,False,False
3930162,bracket,False,False
3930162,backward,False,False
3930162,bracket,False,False
3930162,bracket,True,True
3930162,backward,True,False
3930162,bracket,True,True
3930162,backward,False,False
3930162,bracket,False,False
3930162,backward,False,False
3930162,bracket,True,True
3930162,backward,False,False
3930162,bracket,True,True
3930162,backward,True,True
3930162,bracket,True,True
3930162,bracket,True,True
3930162,backward,False,False
3930162,bracket,False,False
3930162,backward,False,False
3930162,bracket,False,False
3930176,backward,False,False
3930176,bracket,True,True
3930176,backward,False,False
3930176,bracket,True,False
3930176,backward,False,False
3930176,bracket,False,False
3930176,backward,False,False
3930176,bracket,True,True
3930176,backward,False,False
3930176,bracket,True,False
3930176,backward,False,False
3930176,bracket,False,False
3930176,backward,False,False
3930176,bracket,True,True
3930176,backward,False,False
3930176,bracket,True,False
3930176,backward,True,True
3930176,bracket,True,True
3930176,backward,True,True
3930176,bracket,True,True
3930176,backward,False,True
3930176,bracket,True,True
3930176,backward,False,False
3930176,bracket,True,True
3930176,backward,False,False
3930176,bracket,False,False
3930176,backward,False,False
3930176,bracket,True,True
3930176,backward,False,False
3930176,bracket,False,False
3930176,bracket,True,True
3930176,backward,False,False
3930176,bracket,True,True
3930176,backward,False,False
3930176,bracket,False,False
3930176,backward,False,False
3930176,bracket,True,True
3930176,backward,False,False
3930176,bracket,True,True
3930176,backward,False,False
3930176,bracket,False,False
3930176,backward,False,False
3930176,bracket,True,True
3930176,backward,False,False
3930176,bracket,False,False
3930176,bracket,True,True
3930176,backward,False,False
3930176,bracket,False,False
3930176,backward,False,False
3930176,bracket,False,False
3930176,backward,False,True
3930176,bracket,True,True
3930176,backward,True,False
3930176,bracket,True,True
3930176,backward,False,False
3930176,bracket,True,True
3930176,backward,False,False
3930176,bracket,False,False
3930176,backward,False,False
3930176,bracket,True,True
3930176,backward,True,True
3930176,bracket,True,True
3930176,backward,False,False
3930176,bracket,True,True
3930176,backward,False,False
3930176,bracket,True,False
3930176,backward,False,False
3930176,bracket,False,False
3930176,bracket,True,False
3930176,bracket,True,True
3930176,backward,False,False
3930176,bracket,True,True
3930176,backward,False,False
3930176,bracket,True,False
3930169,backward,True,True
3930169,bracket,True,True
3930169,backward,False,False
3930169,bracket,False,False
3930169,backward,False,False
3930169,bracket,False,False
3930169,backward,False,False
3930169,bracket,True,True
3930169,backward,False,False
3930169,bracket,True,True
3930169,backward,False,False
3930169,bracket,False,False
3930169,bracket,True,True
3930169,backward,True,True
3930169,bracket,True,True
3930169,backward,False,False
3930169,bracket,True,False
3930169,backward,False,False
3930169,bracket,True,True
3930169,backward,False,False
3930169,bracket,True,False
3930169,backward,False,False
3930169,bracket,False,False
3930169,backward,False,False
3930169,bracket,False,False
3930169,backward,False,False
3930169,bracket,True,True
3930169,backward,False,False
3930169,bracket,True,False
3930169,backward,True,True
3930169,bracket,True,True
3930169,backward,True,True
3930169,bracket,True,True
3930169,bracket,True,True
3930169,bracket,True,True
3930169,backward,True,True
3930169,bracket,True,True
3930169,backward,True,True
3930169,bracket,True,True
3930169,backward,False,False
3930169,bracket,True,False
3930169,backward,False,False
3930169,bracket,False,False
3930169,backward,False,False
3930169,bracket,True,False
3930169,backward,False,False
3930169,bracket,True,True
3930169,backward,True,True
3930169,bracket,True,True
3930169,backward,False,False
3930169,bracket,True,True
3930169,bracket,True,True
3930169,backward,False,False
3930169,bracket,False,False
3930169,backward,False,False
3930169,bracket,True,True
3930169,backward,False,False
3930169,bracket,True,True
3930169,backward,False,False
3930169,bracket,False,False
3930169,bracket,True,False
3930169,backward,True,False
3930169,bracket,True,True
3930169,backward,False,False
3930169,bracket,False,False
3930169,backward,False,True
3930169,bracket,False,True
3930169,backward,False,False
3930169,bracket,True,False
3930169,backward,False,False
3930169,bracket,True,True
3930169,backward,False,False
3930169,bracket,True,True
3930169,backward,True,False
3930169,bracket,True,True
3942819,backward,False,False
3942819,bracket,True,False
3942819,backward,False,False
3942819,bracket,True,True
3942819,bracket,False,False
3942819,backward,False,False
3942819,bracket,True,True
3942819,backward,False,False
3942819,bracket,False,False
3942819,backward,False,False
3942819,bracket,False,False
3942819,backward,False,False
3942819,bracket,False,False
3942819,backward,True,True
3942819,bracket,True,True
3942819,backward,True,True
3942819,bracket,True,True
3942819,backward,False,False
3942819,bracket,True,True
3942819,backward,False,False
3942819,bracket,True,True
3942819,backward,True,True
3942819,bracket,True,True
3942819,backward,True,False
3942819,bracket,True,True
3942819,backward,False,False
3942819,bracket,True,False
3942819,backward,False,False
3942819,backward,False,False
3942819,bracket,True,True
3942819,backward,False,False
3942819,bracket,False,False
3942819,backward,True,True
3942819,bracket,True,True
3942819,backward,False,False
3942819,bracket,True,True
3942819,backward,False,False
3942819,bracket,True,True
3942819,bracket,False,False
3942819,backward,False,False
3942819,bracket,True,False
3942819,backward,False,False
3942819,bracket,True,True
3942819,backward,False,False
3942819,bracket,True,False
3942819,backward,False,False
3942819,bracket,True,True
3942819,backward,True,True
3942819,bracket,True,True
3942819,backward,True,True
3942819,bracket,True,True
3942819,backward,False,False
3942819,bracket,True,True
3942819,backward,False,False
3942819,bracket,False,False
3942819,backward,False,False
3942819,bracket,True,True
3942819,backward,False,False
3942819,bracket,True,True
3942819,backward,False,False
3942819,bracket,False,False
3942819,backward,False,False
3942819,bracket,True,False
3942819,backward,False,False
3942819,bracket,True,True
3942819,backward,False,False
3942819,bracket,True,True
3942819,backward,True,False
3942819,bracket,True,False
3942819,bracket,True,True
3942819,backward,False,False
3942819,bracket,True,True
3942819,backward,False,False
3942819,bracket,False,False
3943043,backward,False,False
3943043,bracket,False,True
3943043,backward,False,False
3943043,bracket,True,True
3943043,backward,False,False
3943043,bracket,True,True
3943043,backward,False,False
3943043,bracket,True,True
3943043,backward,False,False
3943043,bracket,False,False
3943043,backward,False,False
3943043,bracket,False,False
3943043,backward,True,False
3943043,bracket,True,False
3943043,backward,False,False
3943043,bracket,False,False
3943043,backward,False,False
3943043,bracket,True,True
3943043,bracket,True,False
3943043,bracket,True,False
3943043,bracket,True,True
3943043,backward,False,False
3943043,bracket,True,True
3943043,backward,False,False
3943043,bracket,True,False
3943043,backward,False,False
3943043,bracket,False,False
3943043,backward,True,True
3943043,bracket,True,True
3943043,backward,False,False
3943043,bracket,True,True
3943043,backward,False,False
3943043,bracket,False,False
3943043,backward,True,True
3943043,bracket,True,True
3943043,backward,True,True
3943043,bracket,True,True
3943043,backward,False,False
3943043,bracket,True,False
3943043,backward,False,False
3943043,bracket,True,True
3943043,bracket,True,False
3943043,backward,False,False
3943043,bracket,True,True
3943043,backward,False,False
3943043,bracket,False,False
3943043,backward,False,False
3943043,bracket,True,False
3943043,backward,False,False
3943043,bracket,True,False
3943043,backward,False,False
3943043,bracket,True,True
3943043,backward,False,False
3943043,bracket,True,True
3943043,bracket,True,True
3943043,backward,False,False
3943043,bracket,True,True
3943043,backward,False,False
3943043,bracket,True,False
3943043,backward,False,False
3943043,bracket,True,False
3943043,backward,True,True
3943043,bracket,True,True
3943043,backward,False,False
3943043,bracket,True,True
3943043,backward,False,False
3943043,bracket,True,True
3943043,backward,False,False
3943043,bracket,False,False
3942752,backward,False,False
3942752,bracket,False,False
3942752,backward,False,False
3942752,bracket,True,False
3942752,backward,False,False
3942752,bracket,True,False
3942752,bracket,True,True
3942752,backward,False,False
3942752,bracket,False,False
3942752,backward,False,False
3942752,bracket,True,False
3942752,backward,False,False
3942752,bracket,False,False
3942752,backward,False,False
3942752,bracket,True,True
3942752,bracket,True,True
3942752,backward,False,False
3942752,bracket,True,False
3942752,backward,False,False
3942752,bracket,True,False
3942752,backward,False,False
3942752,bracket,True,False
3942752,backward,False,False
3942752,bracket,True,True
3942752,backward,False,False
3942752,bracket,False,False
3942752,backward,True,True
3942752,bracket,True,True
3942752,bracket,True,True
3942752,backward,False,False
3942752,bracket,True,False
3942752,bracket,False,False
3942752,backward,True,True
3942752,bracket,True,True
3942752,backward,True,False
3942752,bracket,True,False
3942752,backward,True,False
3942752,bracket,True,False
3942752,backward,False,False
3942752,bracket,True,True
3942752,backward,False,False
3942752,bracket,True,True
3942752,backward,False,False
3942752,bracket,False,False
3942752,bracket,True,True
3942752,backward,True,True
3942752,bracket,True,True
3942752,backward,False,True
3942752,bracket,True,True
3942752,backward,False,False
3942752,bracket,True,False
3942752,backward,False,False
3942752,bracket,True,True
3942752,backward,False,False
3942752,bracket,True,False
3942752,backward,False,False
3942752,bracket,False,False
3942752,bracket,True,False
3942752,backward,False,False
3942752,bracket,True,True
3942752,backward,False,False
3942752,bracket,False,False
3942752,backward,False,False
3942752,bracket,True,False
3942752,backward,False,False
3942752,bracket,False,False
3942752,backward,True,True
3942752,bracket,True,True
3942752,backward,False,False
3942752,backward,False,False
3942752,bracket,True,True
3942382,backward,False,False
3942382,bracket,True,True
3942382,backward,True,True
3942382,bracket,True,True
3942382,backward,False,False
3942382,bracket,False,False
3942382,backward,False,False
3942382,bracket,True,True
3942382,backward,False,False
3942382,bracket,True,True
3942382,backward,False,True
3942382,bracket,False,True
3942382,backward,False,False
3942382,bracket,False,False
3942382,backward,False,False
3942382,bracket,False,False
3942382,backward,False,False
3942382,bracket,False,False
3942382,backward,False,False
3942382,bracket,False,False
3942382,backward,False,False
3942382,bracket,True,True
3942382,backward,False,False
3942382,bracket,True,True
3942382,backward,False,False
3942382,bracket,False,False
3942382,backward,False,False
3942382,bracket,True,True
3942382,backward,False,False
3942382,bracket,True,False
3942382,backward,True,False
3942382,bracket,True,False
3942382,backward,False,False
3942382,bracket,False,False
3942382,backward,True,True
3942382,bracket,True,True
3942382,bracket,True,True
3942382,backward,False,False
3942382,bracket,False,False
3942382,bracket,True,True
3942382,bracket,True,True
3942382,bracket,True,True
3942382,backward,False,False
3942382,bracket,True,True
3942382,backward,False,True
3942382,bracket,True,True
3942382,backward,True,False
3942382,bracket,True,False
3942382,backward,True,False
3942382,bracket,True,False
3942382,backward,False,False
3942382,bracket,True,True
3942382,backward,False,False
3942382,bracket,True,False
3942382,backward,True,True
3942382,bracket,True,True
3942382,backward,False,False
3942382,bracket,True,True
3942382,backward,False,False
3942382,bracket,True,False
3942382,backward,False,True
3942382,bracket,False,False
3942382,backward,False,False
3942382,bracket,True,True
3942382,backward,False,True
3942382,bracket,True,True
3942382,backward,False,False
3942382,bracket,True,False
3942382,backward,False,False
3942382,bracket,True,False
3942382,backward,False,False
3942382,bracket,True,False
3942382,backward,False,False
3942382,bracket,False,False
3942349,backward,True,True
3942349,bracket,True,True
3942349,backward,False,False
3942349,bracket,False,False
3942349,backward,False,False
3942349,bracket,True,False
3942349,backward,False,False
3942349,bracket,True,True
3942349,bracket,True,False
3942349,bracket,True,True
3942349,bracket,True,False
3942349,bracket,True,True
3942349,backward,False,False
3942349,bracket,False,False
3942349,bracket,True,False
3942349,backward,False,False
3942349,bracket,True,False
3942349,backward,False,False
3942349,bracket,False,False
3942349,bracket,True,True
3942349,backward,False,False
3942349,bracket,False,False
3942349,backward,False,False
3942349,bracket,False,False
3942349,backward,False,False
3942349,bracket,False,False
3942349,backward,False,False
3942349,bracket,False,False
3942349,backward,False,False
3942349,bracket,True,True
3942349,backward,False,False
3942349,bracket,True,True
3942349,backward,False,False
3942349,bracket,False,False
3942349,backward,False,False
3942349,bracket,True,False
3942349,backward,False,False
3942349,bracket,True,True
3942349,backward,False,False
3942349,bracket,False,False
3942349,backward,False,False
3942349,bracket,False,False
3942349,backward,True,True
3942349,bracket,True,True
3942349,bracket,True,True
3942349,backward,False,False
3942349,bracket,True,True
3942349,backward,False,False
3942349,bracket,False,False
3942349,backward,False,False
3942349,bracket,False,False
3942349,bracket,True,False
3942349,backward,False,False
3942349,bracket,True,True
3942349,bracket,True,True
3942349,backward,False,False
3942349,bracket,False,False
3942349,backward,True,True
3942349,bracket,True,True
3942349,backward,False,False
3942349,bracket,True,False
3942349,backward,False,False
3942349,bracket,False,False
3942349,backward,True,False
3942349,bracket,True,True
3942349,backward,True,True
3942349,bracket,True,True
3942349,backward,True,True
3942349,bracket,True,True
3930180,backward,False,False
3930180,bracket,False,False
3930180,backward,False,False
3930180,bracket,True,False
3930180,backward,False,True
3930180,bracket,False,True
3930180,backward,False,False
3930180,bracket,True,False
3930180,backward,False,False
3930180,bracket,True,True
3930180,backward,False,False
3930180,bracket,True,False
3930180,backward,False,False
3930180,bracket,True,False
3930180,backward,False,False
3930180,bracket,False,False
3930180,bracket,True,False
3930180,backward,False,False
3930180,bracket,False,False
3930180,backward,False,False
3930180,bracket,True,False
3930180,backward,False,False
3930180,bracket,True,True
3930180,backward,False,True
3930180,bracket,False,True
3930180,backward,False,False
3930180,bracket,True,True
3930180,backward,False,False
3930180,bracket,False,False
3930180,backward,False,False
3930180,bracket,True,True
3930180,backward,False,False
3930180,bracket,False,False
3930180,backward,False,False
3930180,bracket,True,True
3930180,backward,False,False
3930180,bracket,True,True
3930180,backward,False,False
3930180,bracket,True,True
3930180,backward,False,False
3930180,bracket,False,False
3930180,backward,False,False
3930180,bracket,True,False
3930180,backward,False,False
3930180,bracket,False,False
3930180,backward,False,False
3930180,bracket,True,True
3930180,backward,False,False
3930180,bracket,False,False
3930180,backward,False,False
3930180,bracket,True,True
3930180,backward,False,False
3930180,bracket,False,False
3930180,backward,False,False
3930180,bracket,True,False
3930180,backward,False,False
3930180,bracket,True,True
3930180,bracket,False,False
3930180,backward,False,False
3930180,bracket,True,False
3930180,backward,False,False
3930180,bracket,True,True
3930180,backward,True,True
3930180,bracket,True,True
3930180,backward,True,True
3930180,bracket,True,True
3930180,backward,False,False
3930180,bracket,True,True
3930180,backward,False,False
3930180,bracket,False,False
3930180,backward,True,False
3930180,bracket,True,False
3930180,backward,False,False
3930180,bracket,False,False
3930180,backward,False,False
3930180,bracket,True,False
3930171,backward,False,False
3930171,bracket,True,True
3930171,backward,False,False
3930171,bracket,True,True
3930171,backward,False,False
3930171,bracket,True,False
3930171,backward,False,False
3930171,bracket,False,False
3930171,backward,False,False
3930171,bracket,False,False
3930171,backward,False,False
3930171,bracket,False,False
3930171,bracket,True,False
3930171,backward,False,True
3930171,bracket,True,True
3930171,backward,True,False
3930171,bracket,True,True
3930171,backward,True,False
3930171,bracket,True,True
3930171,backward,False,False
3930171,bracket,True,False
3930171,backward,False,False
3930171,bracket,True,True
3930171,backward,False,False
3930171,bracket,True,False
3930171,backward,False,False
3930171,bracket,False,False
3930171,backward,True,True
3930171,bracket,True,True
3930171,bracket,False,False
3930171,backward,False,False
3930171,bracket,True,True
3930171,backward,False,False
3930171,bracket,True,True
3930171,backward,True,True
3930171,bracket,True,True
3930171,backward,False,False
3930171,bracket,True,True
3930171,backward,False,False
3930171,bracket,False,False
3930171,backward,False,False
3930171,bracket,True,True
3930171,backward,False,False
3930171,bracket,True,True
3930171,backward,False,False
3930171,bracket,False,False
3930171,backward,False,False
3930171,bracket,False,False
3930171,backward,False,False
3930171,bracket,True,True
3930171,backward,True,True
3930171,bracket,True,True
3930171,backward,False,False
3930171,bracket,True,True
3930171,backward,True,True
3930171,bracket,True,True
3930171,backward,False,False
3930171,bracket,False,False
3930171,backward,False,False
3930171,bracket,True,False
3930171,backward,False,False
3930171,bracket,False,False
3930171,backward,True,True
3930171,bracket,True,True
3930171,backward,False,False
3930171,bracket,False,False
3930171,backward,True,True
3930171,bracket,True,True
3930171,bracket,False,False
3930171,backward,True,True
3930171,bracket,True,True
3930171,backward,False,False
3930171,bracket,False,False
3930171,backward,False,False
3930171,bracket,True,True
3942226,backward,False,False
3942226,bracket,False,True
3942226,backward,True,True
3942226,bracket,True,True
3942226,backward,False,False
3942226,bracket,True,False
3942226,backward,False,False
3942226,bracket,True,False
3942226,backward,False,False
3942226,bracket,True,False
3942226,backward,False,False
3942226,bracket,True,True
3942226,backward,False,True
3942226,bracket,False,True
3942226,backward,False,False
3942226,bracket,True,True
3942226,backward,True,True
3942226,bracket,True,True
3942226,backward,False,False
3942226,bracket,False,False
3942226,backward,False,False
3942226,bracket,True,False
3942226,backward,False,False
3942226,bracket,False,False
3942226,backward,False,False
3942226,bracket,True,False
3942226,bracket,False,False
3942226,backward,False,False
3942226,bracket,True,True
3942226,bracket,True,True
3942226,backward,False,False
3942226,bracket,False,False
3942226,backward,False,False
3942226,bracket,True,True
3942226,backward,False,False
3942226,bracket,False,False
3942226,bracket,False,False
3942226,backward,True,True
3942226,bracket,True,True
3942226,backward,False,False
3942226,bracket,True,True
3942226,backward,False,False
3942226,bracket,False,False
3942226,backward,False,False
3942226,bracket,False,False
3942226,bracket,False,False
3942226,backward,False,False
3942226,bracket,True,True
3942226,backward,False,False
3942226,bracket,False,False
3942226,backward,False,False
3942226,bracket,False,False
3942226,backward,False,False
3942226,bracket,True,True
3942226,backward,False,False
3942226,bracket,False,False
3942226,backward,False,False
3942226,bracket,False,True
3942226,backward,True,False
3942226,bracket,True,False
3942226,backward,True,True
3942226,bracket,True,True
3942226,backward,False,False
3942226,bracket,True,True
3942226,backward,False,False
3942226,bracket,True,True
3942226,backward,False,False
3942226,bracket,True,True
3942226,backward,False,False
3942226,bracket,True,False
3942226,backward,False,False
3942226,bracket,True,False
3942226,backward,False,True
3942226,bracket,False,True
3938645,backward,False,False
3938645,bracket,True,False
3938645,backward,False,False
3938645,bracket,True,True
3938645,backward,False,False
3938645,bracket,True,False
3938645,backward,True,True
3938645,bracket,True,True
3938645,bracket,True,True
3938645,backward,False,False
3938645,bracket,False,False
3938645,backward,False,False
3938645,bracket,False,False
3938645,backward,True,True
3938645,bracket,True,True
3938645,backward,False,False
3938645,bracket,False,False
3938645,backward,False,True
3938645,bracket,False,True
3938645,backward,False,False
3938645,bracket,False,False
3938645,backward,False,False
3938645,bracket,False,True
3938645,backward,False,False
3938645,bracket,False,False
3938645,backward,False,True
3938645,bracket,False,True
3938645,backward,True,False
3938645,bracket,True,False
3938645,backward,False,False
3938645,bracket,True,False
3938645,backward,False,False
3938645,bracket,False,False
3938645,backward,False,False
3938645,bracket,True,True
3938645,backward,False,True
3938645,bracket,False,True
3938645,backward,False,False
3938645,bracket,False,False
3938645,backward,False,False
3938645,bracket,True,True
3938645,backward,False,False
3938645,bracket,False,False
3938645,backward,False,False
3938645,bracket,True,False
3938645,backward,False,False
3938645,bracket,False,False
3938645,backward,False,False
3938645,bracket,False,False
3938645,backward,False,False
3938645,bracket,False,False
3938645,backward,False,False
3938645,bracket,True,True
3938645,backward,False,False
3938645,bracket,True,True
3938645,backward,False,False
3938645,bracket,False,False
3938645,backward,False,False
3938645,bracket,False,False
3938645,backward,False,False
3938645,bracket,True,True
3938645,bracket,True,True
3938645,backward,False,False
3938645,bracket,False,False
3938645,backward,False,False
3938645,bracket,False,False
3938645,backward,True,True
3938645,bracket,True,True
3938645,backward,False,False
3938645,bracket,False,False
3938645,backward,False,False
3938645,bracket,True,True
3938645,backward,False,True
3938645,bracket,False,True
3930184,backward,False,False
3930184,bracket,True,False
3930184,backward,False,False
3930184,bracket,False,False
3930184,backward,False,False
3930184,bracket,True,True
3930184,backward,True,True
3930184,bracket,True,True
3930184,backward,False,False
3930184,bracket,True,True
3930184,backward,False,False
3930184,bracket,True,False
3930184,backward,True,True
3930184,bracket,True,True
3930184,backward,False,False
3930184,bracket,True,True
3930184,backward,False,False
3930184,bracket,False,False
3930184,backward,True,True
3930184,bracket,True,True
3930184,backward,False,False
3930184,bracket,False,False
3930184,backward,False,False
3930184,bracket,True,True
3930184,backward,False,False
3930184,bracket,False,False
3930184,backward,False,False
3930184,bracket,True,False
3930184,backward,False,True
3930184,bracket,False,True
3930184,backward,False,False
3930184,bracket,True,True
3930184,backward,False,False
3930184,bracket,False,False
3930184,backward,False,False
3930184,bracket,False,False
3930184,backward,False,False
3930184,bracket,True,True
3930184,backward,False,False
3930184,bracket,True,False
3930184,backward,True,True
3930184,bracket,True,True
3930184,backward,False,False
3930184,bracket,True,True
3930184,backward,False,False
3930184,bracket,True,False
3930184,backward,False,False
3930184,bracket,False,False
3930184,backward,True,True
3930184,bracket,True,True
3930184,backward,False,False
3930184,bracket,True,False
3930184,backward,False,True
3930184,bracket,False,True
3930184,backward,False,False
3930184,bracket,True,True
3930184,backward,True,False
3930184,bracket,True,False
3930184,backward,False,False
3930184,bracket,True,True
3930184,backward,False,False
3930184,bracket,False,False
3930184,bracket,False,False
3930184,backward,False,False
3930184,bracket,False,False
3930184,backward,False,False
3930184,bracket,False,False
3930184,bracket,True,True
3930184,backward,False,False
3930184,bracket,False,False
3930184,backward,False,False
3930184,bracket,False,False
3941022,backward,False,False
3941022,bracket,True,False
3941022,bracket,True,True
3941022,backward,False,False
3941022,bracket,True,True
3941022,backward,False,False
3941022,bracket,True,True
3941022,backward,False,False
3941022,bracket,True,False
3941022,backward,False,False
3941022,bracket,False,False
3941022,backward,False,False
3941022,bracket,True,False
3941022,backward,False,False
3941022,bracket,False,False
3941022,backward,False,False
3941022,bracket,True,True
3941022,bracket,True,False
3941022,bracket,True,True
3941022,backward,False,False
3941022,bracket,False,False
3941022,backward,True,True
3941022,bracket,True,True
3941022,backward,False,False
3941022,bracket,False,False
3941022,backward,False,False
3941022,bracket,True,True
3941022,backward,False,False
3941022,bracket,True,True
3941022,backward,False,False
3941022,bracket,True,True
3941022,backward,False,False
3941022,bracket,False,False
3941022,backward,False,False
3941022,bracket,True,True
3941022,backward,False,False
3941022,bracket,True,True
3941022,backward,False,True
3941022,bracket,False,True
3941022,backward,False,False
3941022,bracket,False,False
3941022,backward,False,False
3941022,bracket,True,True
3941022,backward,False,False
3941022,bracket,True,True
3941022,backward,False,False
3941022,bracket,True,False
3941022,backward,True,True
3941022,bracket,True,True
3941022,backward,True,True
3941022,bracket,True,True
3941022,backward,False,False
3941022,bracket,False,False
3941022,bracket,True,False
3941022,backward,False,False
3941022,bracket,True,False
3941022,backward,False,False
3941022,bracket,True,True
3941022,backward,False,False
3941022,bracket,False,False
3941022,backward,False,False
3941022,bracket,False,False
3941022,bracket,True,True
3941022,backward,False,False
3941022,bracket,False,False
3941022,backward,False,False
3941022,bracket,True,False
3941022,backward,True,False
3941022,bracket,False,False
3941022,backward,True,True
3941022,bracket,True,True
3941021,backward,False,False
3941021,bracket,False,False
3941021,backward,False,False
3941021,bracket,True,True
3941021,backward,False,False
3941021,bracket,True,True
3941021,backward,False,False
3941021,bracket,False,False
3941021,backward,False,False
3941021,bracket,True,True
3941021,backward,False,False
3941021,bracket,True,True
3941021,backward,False,False
3941021,bracket,True,True
3941021,backward,False,False
3941021,bracket,True,True
3941021,backward,False,False
3941021,bracket,True,True
3941021,backward,False,False
3941021,bracket,True,False
3941021,backward,False,False
3941021,bracket,True,True
3941021,backward,False,False
3941021,bracket,True,True
3941021,backward,False,False
3941021,bracket,True,True
3941021,backward,False,False
3941021,bracket,False,False
3941021,backward,False,False
3941021,bracket,False,False
3941021,backward,False,False
3941021,bracket,False,True
3941021,bracket,True,False
3941021,backward,False,False
3941021,bracket,False,False
3941021,bracket,True,True
3941021,backward,False,False
3941021,bracket,False,False
3941021,backward,False,False
3941021,bracket,True,True
3941021,backward,True,True
3941021,bracket,True,True
3941021,backward,False,False
3941021,bracket,True,True
3941021,bracket,True,False
3941021,backward,False,False
3941021,bracket,False,False
3941021,backward,True,True
3941021,bracket,True,True
3941021,backward,False,False
3941021,bracket,True,False
3941021,backward,False,False
3941021,bracket,True,True
3941021,backward,False,False
3941021,bracket,True,False
3941021,backward,False,False
3941021,bracket,False,False
3941021,backward,False,False
3941021,bracket,False,False
3941021,bracket,True,False
3941021,backward,False,False
3941021,bracket,True,True
3941021,backward,False,False
3941021,bracket,False,False
3941021,backward,False,False
3941021,bracket,False,False
3941021,backward,False,False
3941021,bracket,True,True
3941021,backward,False,True
3941021,bracket,True,True
3941021,backward,False,False
3941021,bracket,True,False
3941020,backward,False,False
3941020,bracket,True,False
3941020,backward,False,False
3941020,bracket,True,False
3941020,bracket,True,False
3941020,backward,False,False
3941020,bracket,False,False
3941020,backward,False,False
3941020,bracket,True,True
3941020,backward,False,False
3941020,bracket,True,True
3941020,backward,False,False
3941020,bracket,False,False
3941020,bracket,True,True
3941020,backward,True,True
3941020,bracket,True,True
3941020,bracket,True,False
3941020,backward,False,False
3941020,bracket,True,False
3941020,backward,True,False
3941020,bracket,True,True
3941020,backward,True,True
3941020,bracket,True,True
3941020,bracket,True,False
3941020,backward,False,True
3941020,bracket,False,True
3941020,backward,False,False
3941020,bracket,False,False
3941020,backward,False,False
3941020,bracket,True,False
3941020,backward,False,False
3941020,bracket,False,False
3941020,bracket,True,True
3941020,backward,False,False
3941020,bracket,False,False
3941020,backward,False,False
3941020,bracket,True,True
3941020,backward,False,False
3941020,bracket,True,True
3941020,bracket,True,False
3941020,backward,True,False
3941020,bracket,True,True
3941020,backward,False,False
3941020,bracket,False,False
3941020,backward,False,False
3941020,bracket,False,False
3941020,bracket,True,True
3941020,bracket,True,False
3941020,backward,False,False
3941020,bracket,False,False
3941020,backward,False,False
3941020,bracket,True,False
3941020,backward,False,False
3941020,bracket,True,True
3941020,bracket,True,True
3941020,backward,True,True
3941020,bracket,True,True
3941020,backward,False,False
3941020,bracket,False,False
3941020,bracket,True,True
3941020,backward,False,False
3941020,bracket,False,False
3941020,backward,False,False
3941020,bracket,True,True
3941020,backward,False,False
3941020,bracket,True,False
3941018,backward,False,False
3941018,bracket,True,False
3941018,backward,False,True
3941018,bracket,False,True
3941018,backward,False,False
3941018,bracket,True,False
3941018,backward,False,False
3941018,bracket,True,False
3941018,backward,True,True
3941018,bracket,True,True
3941018,backward,False,False
3941018,bracket,False,False
3941018,backward,False,False
3941018,bracket,True,True
3941018,backward,True,True
3941018,bracket,True,False
3941018,backward,False,False
3941018,bracket,False,False
3941018,backward,False,False
3941018,bracket,True,True
3941018,backward,False,False
3941018,bracket,True,True
3941018,backward,True,True
3941018,bracket,True,True
3941018,backward,True,True
3941018,bracket,True,True
3941018,backward,False,False
3941018,bracket,False,False
3941018,backward,False,False
3941018,bracket,True,False
3941018,backward,True,True
3941018,bracket,True,True
3941018,backward,False,False
3941018,bracket,True,True
3941018,bracket,True,True
3941018,backward,False,False
3941018,bracket,True,True
3941018,backward,False,False
3941018,bracket,True,True
3941018,backward,False,False
3941018,bracket,True,True
3941018,backward,False,False
3941018,bracket,True,False
3941018,backward,False,False
3941018,bracket,True,True
3941018,backward,False,False
3941018,bracket,True,True
3941018,backward,False,False
3941018,bracket,True,True
3941018,backward,False,False
3941018,bracket,True,False
3941018,backward,False,True
3941018,bracket,True,False
3941018,backward,False,False
3941018,bracket,False,True
3941018,backward,False,False
3941018,bracket,True,True
3941018,bracket,True,True
3941018,backward,False,False
3941018,bracket,True,True
3941018,backward,False,False
3941018,bracket,True,True
3941018,backward,False,False
3941018,bracket,True,False
3941018,backward,True,False
3941018,bracket,True,True
3941018,bracket,False,False
3941018,backward,False,False
3941018,bracket,True,True
3941018,backward,False,False
3941018,bracket,True,False
3941018,backward,True,True
3941018,bracket,True,True
3941018,backward,False,False
3941018,bracket,True,True
3941018,backward,False,False
3941018,bracket,True,True
3941017,backward,False,False
3941017,bracket,True,False
3941017,backward,False,False
3941017,bracket,False,False
3941017,backward,False,False
3941017,bracket,False,True
3941017,backward,False,False
3941017,bracket,True,True
3941017,backward,False,False
3941017,bracket,True,True
3941017,backward,False,False
3941017,bracket,False,False
3941017,backward,False,False
3941017,bracket,True,True
3941017,backward,False,False
3941017,bracket,True,False
3941017,backward,False,False
3941017,bracket,True,False
3941017,backward,True,False
3941017,bracket,True,True
3941017,backward,False,False
3941017,bracket,True,False
3941017,backward,True,True
3941017,bracket,False,False
3941017,backward,True,False
3941017,bracket,True,True
3941017,backward,True,True
3941017,bracket,True,True
3941017,backward,True,True
3941017,bracket,True,True
3941017,backward,False,False
3941017,bracket,True,False
3941017,backward,False,False
3941017,bracket,True,True
3941017,backward,False,True
3941017,bracket,True,True
3941017,backward,False,False
3941017,bracket,True,True
3941017,backward,True,False
3941017,bracket,False,False
3941017,backward,False,False
3941017,bracket,True,True
3941017,backward,True,True
3941017,bracket,True,True
3941017,backward,False,False
3941017,bracket,True,True
3941017,backward,False,False
3941017,bracket,False,False
3941017,backward,False,False
3941017,bracket,True,True
3941017,backward,False,False
3941017,bracket,False,False
3941017,backward,True,True
3941017,bracket,True,True
3941017,backward,False,False
3941017,bracket,False,False
3941017,backward,False,False
3941017,bracket,True,True
3941017,backward,False,False
3941017,bracket,True,False
3941017,backward,False,False
3941017,bracket,False,False
3941017,backward,False,False
3941017,bracket,True,True
3941017,bracket,True,False
3941017,backward,False,False
3941017,bracket,True,False
3941017,bracket,True,False
3941017,backward,False,False
3941017,bracket,False,False
3941017,backward,False,False
3941017,bracket,True,False
3941017,backward,False,False
3941017,bracket,True,False
3930182,backward,True,True
3930182,bracket,True,True
3930182,backward,False,False
3930182,bracket,True,False
3930182,backward,False,False
3930182,bracket,True,True
3930182,backward,False,False
3930182,bracket,True,True
3930182,backward,False,False
3930182,bracket,True,True
3930182,backward,True,False
3930182,bracket,True,True
3930182,backward,True,True
3930182,bracket,True,True
3930182,backward,False,False
3930182,bracket,True,True
3930182,backward,False,True
3930182,bracket,True,False
3930182,backward,False,False
3930182,bracket,True,True
3930182,backward,False,False
3930182,bracket,True,True
3930182,backward,False,False
3930182,bracket,True,False
3930182,backward,False,False
3930182,bracket,False,False
3930182,bracket,True,False
3930182,backward,False,False
3930182,bracket,False,False
3930182,backward,False,False
3930182,bracket,True,False
3930182,bracket,True,False
3930182,backward,True,True
3930182,bracket,True,True
3930182,backward,False,True
3930182,bracket,True,True
3930182,backward,False,False
3930182,bracket,False,False
3930182,backward,False,False
3930182,bracket,False,False
3930182,backward,False,False
3930182,bracket,True,False
3930182,bracket,True,False
3930182,backward,False,False
3930182,bracket,True,True
3930182,backward,False,False
3930182,bracket,False,True
3930182,backward,False,True
3930182,bracket,False,True
3930182,backward,False,False
3930182,bracket,True,False
3930182,backward,True,True
3930182,bracket,True,True
3930182,backward,False,False
3930182,bracket,True,True
3930182,backward,False,True
3930182,bracket,True,False
3930182,backward,False,False
3930182,bracket,True,False
3930182,backward,False,False
3930182,bracket,True,True
3930182,backward,False,False
3930182,bracket,True,True
3930182,backward,False,False
3930182,bracket,True,True
3930182,backward,True,True
3930182,bracket,True,True
3930182,backward,False,False
3930182,bracket,True,False
3930182,backward,False,False
3930182,bracket,False,False
3930182,backward,False,False
3930182,bracket,False,False
3930182,backward,False,False
3930182,bracket,True,False
3930182,backward,False,True
3930182,bracket,False,True
3930179,backward,False,False
3930179,bracket,True,True
3930179,backward,True,True
3930179,bracket,True,True
3930179,backward,False,False
3930179,bracket,True,False
3930179,bracket,False,True
3930179,backward,True,False
3930179,bracket,False,True
3930179,backward,True,False
3930179,bracket,True,True
3930179,bracket,True,True
3930179,backward,False,False
3930179,bracket,True,True
3930179,backward,False,False
3930179,bracket,True,False
3930179,backward,False,False
3930179,bracket,True,True
3930179,backward,False,False
3930179,bracket,True,True
3930179,backward,False,False
3930179,bracket,False,False
3930179,backward,True,False
3930179,bracket,True,False
3930179,backward,False,False
3930179,bracket,False,False
3930179,backward,False,False
3930179,bracket,False,False
3930179,backward,False,False
3930179,bracket,True,False
3930179,bracket,True,True
3930179,backward,False,False
3930179,bracket,False,False
3930179,backward,True,False
3930179,bracket,True,False
3930179,backward,False,False
3930179,bracket,False,False
3930179,backward,False,False
3930179,bracket,True,True
3930179,backward,True,True
3930179,bracket,True,True
3930179,backward,False,False
3930179,bracket,False,False
3930179,backward,False,False
3930179,bracket,True,True
3930179,backward,False,False
3930179,bracket,False,False
3930179,backward,False,False
3930179,bracket,True,True
3930179,backward,False,False
3930179,bracket,True,True
3930179,backward,False,False
3930179,bracket,False,False
3930179,backward,False,False
3930179,bracket,False,False
3930179,backward,False,False
3930179,bracket,True,True
3930179,backward,False,False
3930179,bracket,False,False
3930179,backward,False,False
3930179,bracket,False,False
3930179,backward,False,False
3930179,bracket,True,False
3930179,backward,False,False
3930179,bracket,True,True
3930179,backward,False,False
3930179,bracket,False,False
3930179,backward,False,False
3930179,bracket,True,False
3930179,backward,False,False
3930179,bracket,True,False
3940983,backward,False,False
3940983,bracket,False,False
3940983,backward,False,False
3940983,bracket,False,False
3940983,backward,False,False
3940983,bracket,False,True
3940983,backward,False,False
3940983,bracket,False,False
3940983,backward,False,False
3940983,bracket,True,True
3940983,backward,False,False
3940983,bracket,True,False
3940983,backward,False,False
3940983,bracket,True,False
3940983,backward,True,True
3940983,bracket,True,True
3940983,backward,True,False
3940983,bracket,True,False
3940983,backward,True,True
3940983,bracket,True,True
3940983,backward,False,False
3940983,bracket,True,True
3940983,backward,False,False
3940983,bracket,True,True
3940983,backward,False,False
3940983,bracket,True,True
3940983,backward,False,False
3940983,bracket,True,False
3940983,backward,False,False
3940983,bracket,True,True
3940983,backward,False,False
3940983,bracket,True,True
3940983,backward,True,True
3940983,bracket,True,True
3940983,bracket,True,False
3940983,backward,False,False
3940983,bracket,False,False
3940983,backward,True,True
3940983,bracket,True,True
3940983,backward,True,False
3940983,bracket,False,False
3940983,bracket,True,True
3940983,backward,False,False
3940983,bracket,True,True
3940983,backward,False,False
3940983,bracket,True,False
3940983,backward,False,False
3940983,bracket,True,True
3940983,backward,True,True
3940983,bracket,True,True
3940983,backward,False,False
3940983,bracket,True,True
3940983,backward,False,False
3940983,bracket,False,False
3940983,backward,False,False
3940983,bracket,True,True
3940983,backward,False,False
3940983,bracket,True,True
3940983,bracket,False,False
3940983,backward,False,False
3940983,bracket,True,True
3940983,backward,False,False
3940983,bracket,True,False
3940983,backward,False,False
3940983,bracket,False,False
3940983,backward,False,False
3940983,bracket,False,False
3940983,backward,False,False
3940983,bracket,True,True
3940983,backward,True,True
3940983,bracket,True,True
3940983,backward,False,False
3940983,bracket,True,False
3940878,bracket,True,True
3940878,backward,True,True
3940878,bracket,True,True
3940878,backward,False,False
3940878,bracket,True,True
3940878,backward,False,False
3940878,bracket,False,False
3940878,backward,False,False
3940878,bracket,False,False
3940878,backward,False,False
3940878,bracket,False,False
3940878,backward,True,True
3940878,bracket,True,True
3940878,backward,False,False
3940878,bracket,True,False
3940878,backward,False,False
3940878,bracket,False,False
3940878,backward,False,False
3940878,bracket,False,False
3940878,backward,False,False
3940878,bracket,True,True
3940878,backward,True,False
3940878,bracket,False,False
3940878,backward,True,True
3940878,bracket,True,True
3940878,backward,True,False
3940878,bracket,True,True
3940878,backward,False,True
3940878,bracket,True,False
3940878,backward,False,False
3940878,bracket,True,True
3940878,backward,False,False
3940878,bracket,False,False
3940878,backward,False,False
3940878,bracket,False,False
3940878,backward,False,False
3940878,bracket,True,True
3940878,bracket,True,True
3940878,backward,False,False
3940878,bracket,True,True
3940878,backward,False,False
3940878,bracket,True,True
3940878,backward,False,False
3940878,bracket,True,False
3940878,backward,True,True
3940878,bracket,True,True
3940878,backward,False,False
3940878,bracket,False,False
3940878,backward,False,False
3940878,bracket,True,True
3940878,backward,False,False
3940878,bracket,True,False
3940878,backward,False,False
3940878,bracket,True,True
3940878,backward,False,False
3940878,bracket,True,False
3940878,backward,False,False
3940878,bracket,True,True
3940878,backward,True,True
3940878,bracket,True,True
3940878,backward,False,False
3940878,bracket,True,True
3940878,backward,False,False
3940878,bracket,True,True
3940878,backward,True,True
3940878,bracket,True,True
3940878,backward,False,False
3940878,bracket,True,True
3940878,backward,False,False
3940878,bracket,False,False
3940878,backward,False,False
3940878,bracket,True,True
3940878,backward,False,False
3940878,bracket,False,False
3940878,backward,True,False
3940878,bracket,False,False
3930177,backward,False,False
3930177,bracket,False,False
3930177,backward,False,False
3930177,bracket,True,False
3930177,backward,False,False
3930177,bracket,True,True
3930177,backward,False,False
3930177,backward,False,True
3930177,bracket,True,True
3930177,bracket,True,False
3930177,backward,False,False
3930177,bracket,False,False
3930177,backward,False,False
3930177,bracket,True,False
3930177,backward,False,False
3930177,bracket,False,False
3930177,backward,False,False
3930177,bracket,False,False
3930177,backward,False,False
3930177,bracket,True,True
3930177,backward,False,False
3930177,bracket,True,True
3930177,backward,False,False
3930177,bracket,True,True
3930177,backward,False,True
3930177,bracket,False,True
3930177,bracket,True,False
3930177,bracket,True,False
3930177,backward,False,False
3930177,bracket,True,True
3930177,backward,False,False
3930177,bracket,True,False
3930177,backward,False,False
3930177,bracket,True,False
3930177,backward,False,False
3930177,bracket,False,False
3930177,backward,False,False
3930177,bracket,True,True
3930177,backward,True,True
3930177,bracket,True,True
3930177,bracket,True,False
3930177,backward,False,False
3930177,bracket,True,False
3930177,backward,False,False
3930177,bracket,False,False
3930177,backward,False,True
3930177,bracket,True,True
3930177,backward,False,False
3930177,bracket,False,False
3930177,bracket,False,False
3930177,backward,False,False
3930177,bracket,False,False
3930177,backward,False,True
3930177,bracket,False,True
3930177,backward,False,False
3930177,bracket,True,True
3930177,backward,False,False
3930177,bracket,True,True
3930177,backward,False,False
3930177,bracket,True,False
3930177,backward,True,True
3930177,bracket,True,True
3930177,backward,False,False
3930177,bracket,True,True
3930177,backward,False,False
3930177,bracket,True,True
3930177,backward,False,False
3930177,bracket,True,False
3930177,backward,False,False
3930177,bracket,False,False
3930177,bracket,True,True
3930173,backward,False,False
3930173,bracket,True,True
3930173,backward,False,False
3930173,bracket,False,False
3930173,backward,False,False
3930173,bracket,True,False
3930173,backward,True,True
3930173,bracket,False,False
3930173,backward,False,False
3930173,bracket,False,False
3930173,backward,False,False
3930173,bracket,False,False
3930173,backward,False,False
3930173,bracket,False,False
3930173,bracket,True,True
3930173,backward,True,True
3930173,bracket,True,True
3930173,backward,False,False
3930173,bracket,False,False
3930173,backward,False,False
3930173,bracket,False,False
3930173,backward,False,False
3930173,bracket,False,False
3930173,backward,False,False
3930173,bracket,False,False
3930173,backward,False,False
3930173,bracket,True,True
3930173,backward,False,False
3930173,bracket,False,False
3930173,backward,True,True
3930173,bracket,True,True
3930173,backward,False,False
3930173,bracket,False,False
3930173,backward,False,False
3930173,bracket,True,True
3930173,backward,False,False
3930173,bracket,False,False
3930173,backward,False,False
3930173,bracket,False,False
3930173,bracket,True,True
3930173,backward,False,False
3930173,bracket,True,True
3930173,backward,False,True
3930173,bracket,False,True
3930173,backward,False,False
3930173,bracket,False,False
3930173,backward,False,False
3930173,bracket,True,True
3930173,backward,False,False
3930173,bracket,True,True
3930173,backward,False,False
3930173,bracket,True,True
3930173,backward,True,False
3930173,bracket,True,True
3930173,backward,True,False
3930173,bracket,True,False
3930173,backward,True,True
3930173,bracket,True,True
3930173,backward,True,True
3930173,bracket,True,True
3930173,backward,False,False
3930173,bracket,False,False
3930173,backward,False,True
3930173,bracket,True,False
3930173,backward,False,False
3930173,bracket,False,False
3930173,backward,False,False
3930173,bracket,True,False
3930173,backward,False,False
3930173,bracket,True,True
3930173,backward,False,True
3930173,bracket,True,True
3930173,backward,False,False
3930173,bracket,False,False
3930173,backward,False,False
3930173,bracket,True,True
3930172,backward,False,False
3930172,bracket,True,False
3930172,backward,False,False
3930172,bracket,False,False
3930172,bracket,True,False
3930172,backward,False,False
3930172,bracket,False,False
3930172,backward,False,False
3930172,bracket,False,False
3930172,backward,False,True
3930172,bracket,True,True
3930172,backward,False,False
3930172,bracket,True,False
3930172,backward,True,True
3930172,bracket,True,True
3930172,backward,False,False
3930172,bracket,True,True
3930172,backward,False,False
3930172,bracket,True,False
3930172,backward,False,False
3930172,bracket,False,False
3930172,backward,False,False
3930172,bracket,True,True
3930172,backward,False,False
3930172,bracket,True,True
3930172,backward,False,False
3930172,bracket,False,False
3930172,backward,False,False
3930172,bracket,False,False
3930172,backward,False,False
3930172,bracket,True,True
3930172,backward,False,False
3930172,bracket,True,True
3930172,backward,False,False
3930172,bracket,True,False
3930172,backward,False,False
3930172,bracket,True,False
3930172,backward,True,False
3930172,bracket,True,True
3930172,backward,False,False
3930172,bracket,False,False
3930172,backward,False,False
3930172,bracket,False,False
3930172,backward,False,False
3930172,bracket,True,True
3930172,backward,True,True
3930172,bracket,True,True
3930172,backward,False,False
3930172,bracket,True,True
3930172,backward,False,False
3930172,bracket,True,False
3930172,backward,False,False
3930172,bracket,True,True
3930172,backward,False,False
3930172,bracket,True,True
3930172,backward,False,False
3930172,bracket,True,True
3930172,backward,False,False
3930172,bracket,True,False
3930172,backward,True,True
3930172,bracket,True,True
3930172,backward,False,False
3930172,bracket,False,True
3930172,backward,False,False
3930172,bracket,True,False
3930172,backward,False,False
3930172,bracket,False,False
3930172,backward,False,False
3930172,bracket,False,False
3930172,bracket,True,False
3930172,backward,False,False
3930172,bracket,True,True
3930172,backward,False,False
3930172,bracket,False,False
3930167,backward,True,False
3930167,bracket,True,True
3930167,backward,True,True
3930167,bracket,True,True
3930167,backward,False,False
3930167,bracket,False,False
3930167,bracket,False,False
3930167,backward,True,False
3930167,bracket,True,True
3930167,backward,False,False
3930167,bracket,True,False
3930167,backward,False,False
3930167,bracket,True,True
3930167,backward,False,False
3930167,bracket,True,True
3930167,backward,False,False
3930167,bracket,True,True
3930167,backward,True,True
3930167,bracket,True,True
3930167,backward,False,False
3930167,bracket,False,False
3930167,backward,False,False
3930167,bracket,False,False
3930167,backward,False,False
3930167,bracket,False,False
3930167,backward,False,False
3930167,bracket,True,True
3930167,backward,False,False
3930167,bracket,False,False
3930167,backward,False,False
3930167,bracket,False,False
3930167,backward,True,True
3930167,bracket,True,True
3930167,backward,False,False
3930167,bracket,True,True
3930167,backward,False,False
3930167,bracket,True,True
3930167,backward,False,False
3930167,bracket,True,False
3930167,backward,False,False
3930167,bracket,True,True
3930167,backward,False,False
3930167,bracket,True,False
3930167,backward,False,False
3930167,bracket,True,True
3930167,backward,False,False
3930167,bracket,False,True
3930167,backward,False,False
3930167,bracket,False,False
3930167,backward,False,False
3930167,bracket,True,True
3930167,backward,False,True
3930167,bracket,False,True
3930167,backward,False,False
3930167,bracket,False,False
3930167,backward,True,True
3930167,bracket,True,True
3930167,backward,False,False
3930167,bracket,True,True
3930167,bracket,True,True
3930167,backward,False,False
3930167,bracket,True,True
3930167,backward,False,True
3930167,bracket,True,True
3930167,bracket,True,True
3930167,backward,False,False
3930167,bracket,True,True
3930167,backward,True,True
3930167,bracket,True,True
3930167,backward,False,False
3930167,bracket,False,False
3930167,backward,False,True
3930167,bracket,False,True
3930167,backward,False,False
3930167,bracket,True,True
3930168,backward,False,False
3930168,bracket,True,True
3930168,backward,False,False
3930168,bracket,False,False
3930168,backward,False,False
3930168,bracket,True,True
3930168,backward,False,False
3930168,bracket,True,True
3930168,backward,False,False
3930168,bracket,True,True
3930168,backward,True,True
3930168,bracket,True,True
3930168,backward,False,True
3930168,bracket,False,True
3930168,backward,False,False
3930168,bracket,True,True
3930168,backward,False,False
3930168,bracket,False,False
3930168,backward,False,False
3930168,bracket,False,False
3930168,backward,False,False
3930168,bracket,True,True
3930168,backward,False,False
3930168,bracket,True,False
3930168,backward,False,False
3930168,bracket,True,False
3930168,backward,False,False
3930168,bracket,True,True
3930168,backward,True,False
3930168,bracket,True,True
3930168,backward,False,False
3930168,bracket,False,False
3930168,backward,True,True
3930168,bracket,True,True
3930168,bracket,True,True
3930168,backward,True,True
3930168,bracket,True,True
3930168,backward,False,False
3930168,bracket,False,False
3930168,bracket,True,True
3930168,backward,False,False
3930168,bracket,True,True
3930168,backward,True,False
3930168,bracket,True,False
3930168,backward,True,True
3930168,bracket,True,True
3930168,backward,False,False
3930168,bracket,False,False
3930168,backward,False,False
3930168,bracket,True,True
3930168,backward,False,False
3930168,bracket,True,False
3930168,backward,False,False
3930168,bracket,True,True
3930168,backward,False,False
3930168,bracket,True,True
3930168,backward,False,False
3930168,bracket,False,False
3930168,backward,False,True
3930168,bracket,False,True
3930168,backward,False,False
3930168,bracket,False,False
3930168,backward,True,True
3930168,bracket,True,True
3930168,backward,False,False
3930168,bracket,False,True
3930168,backward,False,True
3930168,bracket,False,True
3930168,backward,False,False
3930168,bracket,True,True
3930168,backward,False,False
3930168,bracket,True,False
3930168,backward,False,False
3930168,bracket,True,True
3930168,bracket,True,False
3930165,backward,False,False
3930165,bracket,True,False
3930165,backward,False,False
3930165,bracket,False,False
3930165,bracket,True,False
3930165,backward,False,False
3930165,bracket,True,False
3930165,backward,True,True
3930165,bracket,True,True
3930165,backward,False,False
3930165,bracket,True,True
3930165,backward,False,False
3930165,bracket,True,False
3930165,backward,True,True
3930165,bracket,True,True
3930165,backward,False,False
3930165,bracket,True,True
3930165,backward,False,True
3930165,bracket,True,True
3930165,backward,False,False
3930165,bracket,False,False
3930165,backward,False,False
3930165,bracket,True,True
3930165,backward,False,False
3930165,bracket,False,False
3930165,backward,False,False
3930165,bracket,True,True
3930165,backward,False,False
3930165,bracket,False,False
3930165,backward,True,True
3930165,bracket,True,True
3930165,backward,False,False
3930165,bracket,True,False
3930165,backward,False,False
3930165,bracket,False,False
3930165,bracket,True,True
3930165,bracket,True,True
3930165,backward,True,True
3930165,bracket,True,True
3930165,backward,False,False
3930165,bracket,False,False
3930165,bracket,True,False
3930165,backward,False,False
3930165,bracket,True,True
3930165,bracket,True,False
3930165,backward,False,False
3930165,bracket,True,True
3930165,bracket,True,True
3930165,bracket,True,False
3930165,backward,False,False
3930165,bracket,True,False
3930165,bracket,True,True
3930165,backward,False,False
3930165,bracket,True,True
3930165,bracket,True,True
3930165,backward,False,False
3930165,bracket,True,False
3930165,backward,False,True
3930165,bracket,False,False
3930165,backward,True,True
3930165,bracket,True,True
3930165,backward,False,False
3930165,bracket,True,False
3930165,backward,False,False
3930165,bracket,True,True
3930164,backward,False,False
3930164,bracket,False,False
3930164,backward,False,False
3930164,bracket,False,False
3930164,backward,False,False
3930164,bracket,True,True
3930164,bracket,True,True
3930164,backward,True,False
3930164,bracket,True,True
3930164,backward,True,False
3930164,bracket,True,True
3930164,backward,False,False
3930164,bracket,True,True
3930164,backward,False,False
3930164,bracket,True,False
3930164,backward,False,False
3930164,bracket,False,False
3930164,backward,False,False
3930164,bracket,True,True
3930164,backward,False,False
3930164,bracket,False,False
3930164,backward,False,False
3930164,bracket,False,False
3930164,backward,False,False
3930164,bracket,False,False
3930164,backward,False,False
3930164,bracket,False,False
3930164,backward,False,True
3930164,bracket,True,True
3930164,backward,False,False
3930164,bracket,True,False
3930164,backward,False,False
3930164,bracket,True,False
3930164,backward,True,True
3930164,bracket,True,True
3930164,backward,True,True
3930164,bracket,True,True
3930164,bracket,True,True
3930164,backward,False,False
3930164,bracket,True,False
3930164,backward,False,False
3930164,bracket,False,False
3930164,backward,False,False
3930164,bracket,True,False
3930164,backward,True,False
3930164,bracket,False,False
3930164,backward,False,False
3930164,bracket,True,True
3930164,backward,False,False
3930164,bracket,False,False
3930164,bracket,False,False
3930164,bracket,True,True
3930164,backward,False,False
3930164,bracket,True,True
3930164,backward,False,False
3930164,bracket,True,True
3930164,backward,False,False
3930164,bracket,True,False
3930164,backward,True,True
3930164,bracket,True,True
3930164,backward,False,True
3930164,bracket,False,True
3930164,backward,False,False
3930164,bracket,False,False
3930164,backward,False,False
3930164,bracket,False,False
3930164,backward,False,False
3930164,bracket,True,True
3930164,backward,False,False
3930164,bracket,False,False
3930161,backward,False,False
3930161,bracket,False,False
3930161,backward,False,True
3930161,bracket,False,True
3930161,backward,False,False
3930161,bracket,True,False
3930161,backward,True,True
3930161,bracket,True,True
3930161,backward,False,False
3930161,bracket,True,False
3930161,backward,False,False
3930161,bracket,True,True
3930161,backward,False,False
3930161,bracket,True,False
3930161,backward,False,False
3930161,bracket,True,True
3930161,backward,False,False
3930161,bracket,True,True
3930161,backward,False,False
3930161,bracket,True,True
3930161,backward,False,False
3930161,bracket,True,False
3930161,backward,False,False
3930161,bracket,True,False
3930161,backward,False,False
3930161,bracket,True,False
3930161,backward,True,True
3930161,bracket,True,False
3930161,backward,False,False
3930161,bracket,False,False
3930161,backward,False,False
3930161,bracket,False,False
3930161,backward,True,True
3930161,bracket,True,True
3930161,backward,True,True
3930161,bracket,True,True
3930161,backward,False,False
3930161,bracket,True,True
3930161,backward,False,False
3930161,bracket,False,False
3930161,backward,False,False
3930161,bracket,False,False
3930161,backward,False,False
3930161,bracket,False,False
3930161,backward,False,False
3930161,bracket,False,False
3930161,backward,False,False
3930161,bracket,True,False
3930161,backward,True,True
3930161,bracket,True,True
3930161,backward,False,False
3930161,bracket,True,True
3930161,backward,False,False
3930161,backward,False,False
3930161,bracket,False,False
3930161,backward,True,True
3930161,bracket,True,True
3930161,backward,False,False
3930161,bracket,True,False
3930161,backward,False,False
3930161,bracket,True,True
3930161,backward,False,False
3930161,bracket,True,False
3930161,backward,False,False
3930161,bracket,True,True
3930161,backward,False,False
3930161,bracket,False,False
3930161,backward,False,True
3930161,bracket,True,True
3930161,backward,True,True
3930161,bracket,True,True
3930161,backward,False,False
3930161,bracket,True,True
3930161,bracket,False,True
3930183,bracket,True,True
3930183,backward,False,False
3930183,bracket,True,True
3930183,backward,False,False
3930183,bracket,False,False
3930183,backward,False,False
3930183,bracket,True,False
3930183,backward,False,False
3930183,bracket,True,False
3930183,backward,False,False
3930183,bracket,True,False
3930183,bracket,False,True
3930183,backward,False,False
3930183,bracket,False,False
3930183,backward,False,False
3930183,bracket,True,True
3930183,backward,False,False
3930183,bracket,True,False
3930183,backward,False,False
3930183,bracket,True,True
3930183,bracket,True,True
3930183,backward,True,True
3930183,bracket,True,True
3930183,bracket,True,True
3930183,backward,False,False
3930183,bracket,True,False
3930183,backward,False,False
3930183,bracket,True,True
3930183,bracket,True,False
3930183,backward,False,False
3930183,bracket,True,True
3930183,bracket,True,True
3930183,backward,True,True
3930183,bracket,True,True
3930183,backward,False,False
3930183,bracket,False,True
3930183,backward,False,False
3930183,bracket,True,True
3930183,bracket,True,True
3930183,backward,False,False
3930183,bracket,True,False
3930183,backward,False,False
3930183,bracket,True,True
3930183,backward,True,True
3930183,bracket,True,True
3930183,backward,False,False
3930183,bracket,True,False
3930183,backward,False,False
3930183,bracket,False,False
3930183,backward,False,False
3930183,bracket,True,False
3930183,backward,False,False
3930183,bracket,False,False
3930183,backward,False,False
3930183,bracket,True,True
3930183,bracket,False,False
3930183,backward,False,False
3930183,bracket,True,False
3930183,backward,False,False
3930183,bracket,False,False
3930183,backward,False,False
3930183,bracket,False,False
3930183,backward,False,False
3930183,bracket,True,True
3930183,backward,False,False
3930183,bracket,True,False
3930175,backward,False,False
3930175,bracket,True,False
3930175,backward,False,False
3930175,bracket,True,False
3930175,backward,True,False
3930175,bracket,True,True
3930175,backward,False,False
3930175,bracket,True,True
3930175,backward,False,False
3930175,bracket,True,True
3930175,backward,False,False
3930175,bracket,True,False
3930175,backward,False,False
3930175,bracket,False,False
3930175,backward,False,False
3930175,bracket,True,True
3930175,backward,False,False
3930175,bracket,True,True
3930175,bracket,False,False
3930175,backward,False,False
3930175,bracket,True,False
3930175,backward,False,False
3930175,bracket,True,False
3930175,backward,False,False
3930175,bracket,True,True
3930175,backward,False,False
3930175,bracket,True,True
3930175,backward,False,False
3930175,bracket,False,False
3930175,backward,False,False
3930175,bracket,False,False
3930175,backward,True,True
3930175,bracket,True,True
3930175,backward,True,True
3930175,bracket,True,False
3930175,bracket,True,False
3930175,backward,False,False
3930175,bracket,False,False
3930175,bracket,True,True
3930175,backward,False,False
3930175,bracket,True,False
3930175,backward,False,False
3930175,bracket,False,False
3930175,bracket,True,True
3930175,backward,False,False
3930175,bracket,False,False
3930175,backward,False,False
3930175,bracket,True,True
3930175,backward,False,False
3930175,bracket,False,False
3930175,backward,False,False
3930175,bracket,False,False
3930175,backward,False,False
3930175,bracket,False,False
3930175,backward,False,False
3930175,bracket,False,False
3930175,backward,False,False
3930175,bracket,False,False
3930175,backward,False,False
3930175,bracket,True,True
3930175,backward,False,False
3930175,bracket,True,False
3930175,backward,False,False
3930175,bracket,True,True
3930175,backward,False,False
3930175,bracket,False,False
3930175,backward,True,False
3930175,bracket,True,True
3930175,backward,True,True
3930175,bracket,True,True
3930175,backward,False,False
3930175,bracket,False,False
3930175,backward,False,False
3930175,bracket,True,False
3930158,backward,False,False
3930158,bracket,True,False
3930158,backward,False,False
3930158,bracket,False,False
3930158,backward,False,False
3930158,bracket,True,False
3930158,backward,False,False
3930158,bracket,True,True
3930158,backward,False,False
3930158,bracket,True,True
3930158,backward,True,True
3930158,bracket,True,True
3930158,bracket,False,False
3930158,backward,False,False
3930158,bracket,True,True
3930158,backward,False,False
3930158,bracket,False,True
3930158,backward,False,False
3930158,bracket,True,True
3930158,backward,True,True
3930158,bracket,True,True
3930158,backward,False,False
3930158,bracket,False,False
3930158,backward,True,True
3930158,bracket,True,True
3930158,bracket,True,True
3930158,backward,False,False
3930158,bracket,True,False
3930158,backward,False,False
3930158,bracket,False,False
3930158,backward,False,False
3930158,bracket,True,True
3930158,backward,False,False
3930158,bracket,True,True
3930158,backward,True,True
3930158,bracket,True,False
3930158,bracket,True,True
3930158,backward,False,False
3930158,bracket,True,True
3930158,backward,True,True
3930158,bracket,True,True
3930158,backward,False,False
3930158,bracket,True,True
3930158,backward,False,False
3930158,bracket,False,False
3930158,backward,False,False
3930158,bracket,True,True
3930158,backward,False,False
3930158,bracket,True,True
3930158,backward,False,False
3930158,bracket,False,False
3930158,backward,True,True
3930158,bracket,True,True
3930158,backward,True,True
3930158,bracket,True,True
3930158,bracket,True,True
3930158,backward,False,False
3930158,bracket,True,True
3930158,backward,False,False
3930158,bracket,False,False
3930158,backward,False,False
3930158,bracket,True,True
3930158,backward,True,False
3930158,bracket,True,True
3930158,bracket,True,True
3930158,backward,False,False
3930158,bracket,True,True
3930158,backward,False,False
3930158,bracket,False,True
3930158,backward,False,False
3930158,bracket,False,False
3930158,backward,False,True
3930158,bracket,False,True
3930158,backward,False,False
3930158,bracket,True,False
